layer,local_tam_p90,local_tam_mean,local_scr_mean,local_scr_std_spatial,n_valid_pixels
0,0.0021876811515539885,0.0012943651527166367,770166.4375,1742791.375,3363
1,0.001731434604153037,0.0008232223335653543,1560401.375,3165128.75,4878
2,0.0019499302143231034,0.0012597537133842707,390207.90625,611072.75,3045
3,0.0016534298192709684,0.0008581246947869658,1481916.25,2899435.0,4174
4,0.0017108212923631072,0.0009923225734382868,768152.4375,1589810.875,2894
5,0.0015094100963324308,0.0008859711233526468,1463418.5,3071226.0,3069
6,0.0019084155792370439,0.0010993583127856255,855212.1875,2026740.5,2807
7,0.0016515552997589111,0.001062308088876307,497575.1875,1468594.25,2736
8,0.0018064744072034955,0.0010166008723899722,1102891.75,2603283.25,2755
9,0.0014895785134285688,0.0008455999195575714,1460656.75,3174578.25,3072
10,0.0018071681261062622,0.001076434040442109,617034.5,1415702.125,2496
11,0.0015989751555025578,0.0008962241699919105,1189585.625,2666460.5,3068
12,0.0017526868032291532,0.0009774334030225873,918428.75,1975974.875,2754
13,0.0014845776604488492,0.0008873780025169253,1008330.4375,2539902.75,2750
14,0.001789294183254242,0.0010815946152433753,620904.4375,1458377.375,2542
15,0.001594120287336409,0.0009269792353734374,798489.9375,2032383.875,2838
16,0.0017810650169849396,0.0009537686710245907,943072.0,1902815.125,2653
17,0.00142375857103616,0.0008037322550080717,1291060.125,2748034.25,2852
18,0.0018795698415488005,0.0011158890556544065,753399.25,1841296.625,2515
19,0.0015193819999694824,0.0009265980334021151,600899.0,1609944.5,2596
20,0.0018155537545681,0.0010065067326650023,945821.5,2074271.25,2531
21,0.0014482543338090181,0.0008467427687719464,983602.4375,2281913.75,2753
22,0.0019515305757522583,0.001129652257077396,720994.25,1496339.75,2511
23,0.0015912828966975212,0.0009260979713872075,1067541.25,2575899.5,2752
24,0.0017826518742367625,0.0010403934866189957,872047.0,1977916.25,2390
25,0.001379749970510602,0.0007815902936272323,1648892.875,3387022.25,2773
26,0.0019279536791145802,0.0011458088411018252,726837.875,1624391.875,2455
27,0.001611471176147461,0.0008708600653335452,1070979.125,2408985.0,2961
28,0.001748034730553627,0.0009886880870908499,1108281.375,2514027.75,2486
29,0.0014083994319662452,0.0008256041910499334,1498463.375,3180756.25,2679
30,0.0022260218393057585,0.001287661143578589,816475.625,2086558.625,2453
31,0.0016144424444064498,0.0009698942885734141,860485.25,2127587.75,2724
32,0.0017722910270094872,0.0009675289620645344,1241275.625,2759956.5,2495
33,0.001276712049730122,0.0007435365114361048,1518117.375,3172483.75,2807
34,0.002038040664047003,0.0011796819744631648,1083915.75,2486553.75,2464
35,0.0015571234980598092,0.0009038690477609634,850570.0625,2049441.625,2725
36,0.0017738216556608677,0.0009672373998910189,1008548.9375,1976449.5,2633
37,0.0013976641930639744,0.0008611941593699157,765998.625,2094570.375,2454
38,0.002104327082633972,0.00119827501475811,979672.375,2395843.5,2466
39,0.0015425384044647217,0.0008953044889494777,1488670.75,3131617.25,2817
40,0.0017368278931826353,0.0009360193507745862,1201690.75,2587278.5,2579
41,0.0013367682695388794,0.0007975276093930006,1435646.0,3146701.25,2570
42,0.0019246041774749756,0.0011606523767113686,868657.125,2247681.75,2433
43,0.001684814691543579,0.0010091905714944005,944580.0625,2533608.25,2566
44,0.0017079971730709076,0.0009402708383277059,1091385.625,2334435.0,2461
45,0.0014195955591276288,0.0008199758594855666,1283503.625,2767657.5,2604
46,0.0020403265953063965,0.001107090269215405,1416753.75,3020209.75,2541
47,0.001686185598373413,0.0010160653619095683,1035187.6875,2578534.5,2611
48,0.0017316676676273346,0.0009040419245138764,1853233.5,3494304.0,2676
49,0.0014471731847152114,0.0008186209015548229,1498870.0,3041059.75,2733
50,0.002248697215691209,0.0012674289755523205,805421.875,1979101.75,2488
51,0.0018208351684734225,0.001071656821295619,974173.6875,2543911.0,2650
52,0.0017384663224220276,0.0009300875826738775,922146.0625,1841036.0,2566
53,0.0014121811836957932,0.0008628631476312876,1058955.125,2536571.25,2574
54,0.002159133553504944,0.0010811047395691276,1633463.0,3138293.25,2881
55,0.0017800627974793315,0.0010790203232318163,687218.5625,1938825.0,2775
56,0.001789791975170374,0.0010147540597245097,902761.6875,1957877.125,2650
57,0.0014028558507561684,0.0008649592637084424,817339.9375,2094266.25,2666
58,0.002038614358752966,0.0011335808085277677,603708.25,1214794.75,2872
59,0.001711060875095427,0.0009924598271027207,1017944.3125,2417143.75,2600
60,0.0017689744709059596,0.0010286367032676935,1015649.1875,2454684.25,2742
61,0.001324028824456036,0.0007852885173633695,1227291.25,2623529.0,2757
62,0.002225362928584218,0.0013350630179047585,614754.1875,1728320.25,2547
63,0.0017470866441726685,0.0009967010701075196,1143014.25,2621687.0,2926
64,0.0019246782176196575,0.0011481255060061812,770982.9375,2012755.125,2922
65,0.0013434643624350429,0.0008210867526941001,786185.6875,1781700.75,2772
66,0.0022810460068285465,0.0013605972053483129,523409.90625,1218011.75,2703
67,0.001644009375013411,0.000934841635171324,1124280.25,2609419.75,3117
68,0.0019610943272709846,0.0011950935004279017,780372.0625,2137870.75,2920
69,0.0013587928842753172,0.0008284755167551339,777485.8125,1732113.0,2994
70,0.00212116539478302,0.0013071991270408034,587576.0625,1441373.5,2585
71,0.0017708569066599011,0.0010042611975222826,1017619.75,2483727.75,2334
72,0.0016494813608005643,0.0008741821511648595,1724249.25,3368277.0,2547
73,0.0013140039518475533,0.0008037177030928433,1335955.25,2771513.75,2110
74,0.002032895339652896,0.0011905621504411101,542078.6875,1414846.75,2064
75,0.0016368686920031905,0.0009176421444863081,955509.875,2256850.0,2294
76,0.0017885863780975342,0.0010232668137177825,1369253.0,3053728.75,2244
77,0.0014008075231686234,0.0008345276582986116,1368435.25,2918325.25,2133
78,0.00198687007650733,0.0011857333593070507,684241.8125,1978380.375,2042
79,0.0017813622253015637,0.0010038608452305198,1036408.5,2540609.25,2123
80,0.0018127277726307511,0.0009361814009025693,1691778.0,3349098.5,2523
81,0.00134335458278656,0.0007473366567865014,1429964.125,2904404.5,2621
82,0.0023531049955636263,0.001520285615697503,405765.25,1466721.75,2019
83,0.0017820238135755062,0.0010053478181362152,990856.9375,2466726.5,2407
84,0.0016920946072787046,0.0009726316784508526,857955.6875,2018205.25,2279
85,0.0013412073021754622,0.000737857713829726,1388233.25,2894697.25,2754
86,0.0019541322253644466,0.001086960663087666,949638.3125,2202904.5,2359
87,0.0016035796143114567,0.0009369653998874128,956876.1875,2432011.75,2453
88,0.001761732273735106,0.0009881932055577636,1143020.25,2494253.5,2318
89,0.00140256283339113,0.0008051528129726648,1538910.125,3246108.25,2624
90,0.0020567625761032104,0.0011255197459831834,1070103.25,2443179.0,2421
91,0.0017528238240629435,0.0010282357688993216,875451.75,2279729.0,2443
92,0.0018430667696520686,0.0010341013548895717,981649.375,2197515.25,2392
93,0.0014876145869493484,0.0008430401794612408,1186759.125,2434407.25,2206
94,0.0020180402789264917,0.001158210914582014,604791.8125,1602258.125,1994
95,0.0016018807655200362,0.0009107737569138408,1001210.875,2478326.5,2239
96,0.0018296322086825967,0.0009718293440528214,1529772.875,3211887.0,2370
97,0.001475955476053059,0.0008226800127886236,1072213.875,2412760.75,2589
98,0.0019932358991354704,0.0011336186435073614,939309.3125,2093763.0,2250
99,0.0016543923411518335,0.0009161580819636583,1026727.875,2502465.5,2517
100,0.0016177669167518616,0.000884293403942138,1042793.75,2259334.0,2352
101,0.001419399632140994,0.0008152892696671188,2036983.75,3830300.75,2455
102,0.0020251870155334473,0.0010987871792167425,1247813.25,2786335.5,2482
103,0.0016869157552719116,0.0009276078199036419,1043376.0,2488892.5,2594
104,0.0018029387574642897,0.0010335956467315555,837217.4375,2115063.5,2230
105,0.0013352275127545,0.0007901023491285741,1229332.75,2724447.0,2469
106,0.002055555582046509,0.001159466803073883,864834.25,2029356.5,2261
107,0.0017382263904437423,0.0009702274110168219,986671.5,2382690.5,2487
108,0.0017753764986991882,0.0009180433116853237,1567688.375,3135589.75,2441
109,0.0013458803296089172,0.0007762556197121739,970004.9375,1969061.625,2163
110,0.0018919914728030562,0.0010302384616807103,1316045.25,2974342.75,2229
111,0.0017180024879053235,0.0009539509192109108,1070666.375,2449812.0,2284
112,0.0017776915337890387,0.0009871333604678512,1285266.25,2847315.5,2280
113,0.0014056786894798279,0.00073760817758739,1590933.375,3117086.25,2668
114,0.0020071566104888916,0.0011999063426628709,568701.4375,1474771.125,2143
115,0.001678320113569498,0.0008963517611846328,1575433.625,3351889.5,2630
116,0.0017943046987056732,0.001002489821985364,860498.3125,1806594.125,2163
117,0.0015972239198163152,0.0008844780386425555,1073874.375,2493157.5,2485
118,0.0019464015495032072,0.0011886496795341372,660954.875,1318725.75,2107
119,0.0017036765348166227,0.000995582202449441,1087543.125,2830140.0,2458
120,0.001632548519410193,0.0008490438922308385,1429837.75,2686549.0,2478
121,0.0014805019600316882,0.000823616108391434,1601909.75,3331453.75,2603
122,0.0020910054445266724,0.0011983491713181138,1561729.125,3222560.25,2351
123,0.0016664713621139526,0.0009867590852081776,1027283.5,2508182.0,2446
124,0.0016597694484516978,0.0009287329157814384,1274463.375,2766934.75,2277
125,0.0013597174547612667,0.0007951345760375261,840922.625,1796749.0,2079
126,0.0017733052372932434,0.0009739590459503233,786559.1875,1745490.25,2238
127,0.0015784620773047209,0.000813051185104996,1804639.25,3401631.5,2432
128,0.0017075627110898495,0.0008785370155237615,1554998.25,3064113.75,2427
129,0.0012127384543418884,0.000734643021132797,718636.5,1519399.125,1945
130,0.0021843253634870052,0.0011594037059694529,1243677.0,2751385.25,2239
131,0.0016440630424767733,0.0007827662630006671,2789718.75,4555562.5,2563
132,0.0017771050333976746,0.0009638475603424013,1474643.0,3084075.0,2249
133,0.0013102039229124784,0.0007270618807524443,1661956.875,3214866.5,2235
134,0.0020327121019363403,0.0011395071633160114,652640.0625,1735240.625,1876
135,0.0016552566085010767,0.0009151228005066514,1051461.875,2465340.25,2164
136,0.0017870068550109863,0.0009298172080889344,1747066.875,3454742.75,2316
137,0.0012750013265758753,0.0007663446012884378,671280.8125,1561248.625,1938
138,0.0021669864654541016,0.0012981779873371124,380274.0625,997058.9375,1771
139,0.0016179084777832031,0.0008342151995748281,2004241.875,3864159.75,2301
140,0.0015951410168781877,0.0008777985931374133,1413687.75,3122899.25,2302
141,0.001307908445596695,0.0007069961866363883,1233547.0,2566852.5,2174
142,0.0020838677883148193,0.0012292712926864624,612971.6875,1869561.125,1831
143,0.0016357956919819117,0.0009187248651869595,1430941.875,3078921.25,2078
144,0.0016252740751951933,0.0007787608774378896,2238178.0,4067805.25,2254
145,0.0013728067278862,0.0007959625218063593,687946.0,1624122.625,2006
146,0.0020684360060840845,0.0012238520430400968,626279.5,1901360.125,1783
147,0.001584154088050127,0.0008398760110139847,1592353.875,3325829.75,2218
148,0.001821659505367279,0.0010116401826962829,1129466.625,2705382.0,2077
149,0.0012509599328041077,0.0007289416971616447,1126647.875,2516095.75,2047
150,0.0023121952544897795,0.001283161691389978,1084175.125,2647435.0,1940
151,0.001748954993672669,0.0008606575429439545,1744372.375,3279646.0,2384
152,0.0016410134267061949,0.0008856289787217975,1582451.875,3395776.75,2134
153,0.0012362353736534715,0.0006055360427126288,1901127.875,3529711.0,2554
154,0.0020407824777066708,0.0010411615949124098,1715464.0,3474685.75,2164
155,0.00167644617613405,0.0008306963136419654,1189733.25,2599575.0,2540
156,0.0016691504279151559,0.0007892001303844154,1790826.625,3508207.5,2547
157,0.0012822393327951431,0.0006650718278251588,1340158.75,2786066.5,2766
158,0.0021798734087496996,0.0009689773432910442,1363944.125,2827213.75,3008
159,0.0016777515411376953,0.0008527206955477595,1214792.25,2836239.0,2906
160,0.0018146529328078032,0.0009591568959876895,1539674.25,3207998.75,2764
161,0.0012594863073900342,0.000676932861097157,1372479.25,2766472.0,3365
162,0.002092807786539197,0.001019826391711831,1520368.25,3169599.0,3173
163,0.0016120672225952148,0.0008889324381016195,994066.625,2443730.25,3366
164,0.0019388317596167326,0.001029761042445898,1931823.875,3725037.25,3649
165,0.0014048918383195996,0.0007980638183653355,808073.875,1856028.875,3618
166,0.0019752143416553736,0.0009394805529154837,1903593.5,3491295.25,4167
167,0.0017923294799402356,0.0010370932286605239,471630.40625,1276967.625,3574
168,0.0021691471338272095,0.0010525782126933336,1438973.625,3028754.25,4161
169,0.0012941486202180386,0.0008034673519432545,590225.625,1402965.875,3782
170,0.0022679269313812256,0.0012425993336364627,829096.5,2230558.0,3921
171,0.001661777263507247,0.0010497518815100193,398210.8125,1236460.875,3775
172,0.0023274272680282593,0.0013024868676438928,1009558.8125,2415514.5,4357
173,0.0012223795056343079,0.0008289273246191442,859416.25,2133112.25,4172
174,0.001872062566690147,0.001088732504285872,1017432.8125,2489627.0,4515
175,0.00167083740234375,0.0012089675292372704,354539.21875,981945.8125,3801
176,0.0019055664306506515,0.0011124088196083903,1192179.875,2652301.75,4580
177,0.0012903325259685516,0.0009247895795851946,787970.0625,1934229.375,4176
178,0.0018054842948913574,0.0010274823289364576,1191349.375,2533648.25,4555
179,0.001679873326793313,0.0012671255972236395,350872.625,1080000.0,3877
180,0.0021932944655418396,0.0013038452016189694,1083638.0,2456589.5,4586
181,0.0012090348172932863,0.0008775643073022366,613599.125,1476889.0,4028
182,0.0016186714638024569,0.0009022564627230167,1074146.125,2246060.5,4760
183,0.0018298267386853695,0.0013055112212896347,236880.046875,464468.84375,3747
184,0.002118416130542755,0.0012498019495978951,987243.875,2341570.0,4491
185,0.0012483983300626278,0.0008761066710576415,863946.375,2278156.25,4152
186,0.0019078729674220085,0.001069774036295712,1315997.375,2876362.25,4453
187,0.0016756175318732858,0.0012212106958031654,279246.75,849524.8125,3803
188,0.0018268823623657227,0.0010320869041606784,1178603.125,2494328.25,4711
189,0.001242916681803763,0.0008663796470500529,695519.875,1759480.125,4140
190,0.0019144415855407715,0.0011333584552630782,1134801.5,2579764.75,4411
191,0.00183533423114568,0.0013392980908975005,306829.4375,908507.0,3785
192,0.001929646823555231,0.0011295685544610023,945401.75,2072908.0,4595
193,0.0012846119934692979,0.0008952225907705724,773919.4375,1973450.5,4214
194,0.0018658041954040527,0.0010588810546323657,1324666.125,2741801.5,4536
195,0.0016774770338088274,0.0012615951709449291,424152.40625,1379507.125,3763
196,0.00224856729619205,0.001304182573221624,1388257.0,3142656.5,4583
197,0.0012480635195970535,0.0008473987109027803,753890.75,1606635.25,4276
198,0.001606583595275879,0.0009357683593407273,1295325.25,2763420.25,4542
199,0.0016172854229807854,0.0011731318663805723,301087.46875,1001420.75,3800
200,0.002051692456007004,0.0012014491949230433,1225384.5,2649999.0,4598
201,0.0013213157653808594,0.0009116387227550149,931199.125,2230658.75,4251
202,0.0018024980090558529,0.00102277344558388,1122271.5,2563257.0,4549
203,0.0018175719305872917,0.001314838300459087,387442.3125,1173270.125,3837
204,0.0021405008155852556,0.0012233374873176217,1403737.0,2965610.0,4689
205,0.001232493668794632,0.0008970634662546217,696122.375,1659432.625,4036
206,0.001804068684577942,0.0010396902216598392,1092849.25,2526752.25,4496
207,0.001708173775114119,0.0012593654682859778,235820.65625,468466.71875,3689
208,0.0021016327664256096,0.0011712979758158326,1481459.75,3097637.5,4754
209,0.0012500315206125379,0.0009212960139848292,567050.25,1481024.75,3968
210,0.0017017717473208904,0.0009954218985512853,1127209.875,2464860.0,4478
211,0.0016094803577288985,0.0011994980741292238,308502.65625,822423.5,3773
212,0.0019296332029625773,0.001106333453208208,1237680.5,2576445.5,4714
213,0.001281939446926117,0.0009207978728227317,765932.8125,1850037.5,4053
214,0.0017048269510269165,0.0009814571822062135,1344279.375,2754268.5,4556
215,0.0016548990970477462,0.0012151189148426056,381417.5,1058072.25,3785
216,0.0019900724291801453,0.0011573551455512643,1099776.875,2404419.5,4630
217,0.0011572226649150252,0.0008260576287284493,758015.0625,1815779.25,4053
218,0.0016855299472808838,0.0009799915133044124,1190006.375,2597619.5,4431
219,0.001624452997930348,0.0011885054409503937,377621.90625,1292917.75,3773
220,0.002165938960388303,0.0012746676802635193,1147380.75,2649975.75,4540
221,0.0011538639664649963,0.0008070535259321332,1053542.625,2461777.25,4075
222,0.001708215451799333,0.001002442091703415,1217128.25,2562593.5,4454
223,0.0015908593777567148,0.0011568466434255242,241649.0625,485791.09375,3738
224,0.0019911713898181915,0.001098616048693657,1194860.5,2732913.25,4446
225,0.0011646051425486803,0.0008247016230598092,805851.4375,1939976.0,4082
226,0.0017598924459889531,0.0010002772323787212,1051371.875,2319762.0,4385
227,0.001616060733795166,0.0011630187509581447,368845.75,1137782.375,3811
228,0.002176891313865781,0.0012210713466629386,1354355.5,2761083.25,4680
229,0.0012237622868269682,0.0008738565375097096,752728.8125,1869718.125,4003
230,0.0019759386777877808,0.00108710874337703,1478224.75,3015447.0,4616
231,0.001675760722719133,0.001235400908626616,289097.71875,706275.0,3709
232,0.0019092531874775887,0.0011066733859479427,2431528.25,4057358.0,4715
233,0.0013200566172599792,0.0009393588406965137,730071.3125,1838696.25,4013
234,0.0018633187282830477,0.0010797141585499048,1292402.0,2845135.0,4507
235,0.0016272127395495772,0.0011871028691530228,408542.28125,1287507.375,3824
236,0.0019656866788864136,0.0010991811286658049,1232282.125,2671975.0,4531
237,0.0011627643834799528,0.0007870863191783428,1172277.875,2748342.0,4230
238,0.0017015873454511166,0.0009548637899570167,1143953.625,2470706.5,4435
239,0.0016118884086608887,0.001171500189229846,313618.5625,715730.0625,3754
240,0.0020359978079795837,0.001119688036851585,1338425.625,2793422.0,4756
241,0.0012432783842086792,0.0008834999753162265,685763.25,1616740.0,3981
242,0.001676368759945035,0.0009803712600842118,1157691.25,2535101.0,4519
243,0.0016764639876782894,0.0012159596662968397,297973.46875,856947.0,3717
244,0.0019655763171613216,0.0012622051872313023,1917132.375,3677792.5,4852
245,0.0013610258465632796,0.000970583816524595,762715.0625,2054589.0,4065
246,0.0016431271797046065,0.0009044624748639762,1569711.625,3203247.25,4777
247,0.001747250440530479,0.0012713538017123938,290897.34375,690665.1875,3718
248,0.0021938560530543327,0.0012661352520808578,996649.625,2325222.75,4370
249,0.0012120261089876294,0.0008538028341718018,754098.1875,1983492.25,3985
250,0.0018361954716965556,0.0010350393131375313,1480882.375,3173183.0,4452
251,0.0016656904481351376,0.0011844129767268896,545359.25,1701528.875,3810
252,0.0020572333596646786,0.001163489418104291,1586153.625,3314817.75,4789
253,0.00125812366604805,0.0008895284845493734,748331.875,1895540.25,3912
254,0.0017540454864501953,0.0009743296541273594,1519810.375,2987979.75,4701
255,0.0017617195844650269,0.0013148835860192776,231938.65625,304230.9375,3692
256,0.0020066113211214542,0.0011649004882201552,1116946.125,2379219.0,4615
257,0.0012378785759210587,0.0008598269778303802,1169580.0,2727306.5,4176
258,0.0018200129270553589,0.0010273943189531565,1235802.25,2722990.25,4334
259,0.0016389042139053345,0.0011571906507015228,266008.5,832455.5,3676
260,0.0020371496211737394,0.001192258088849485,1717297.0,3458984.5,4509
261,0.0012180133489891887,0.0008698762394487858,666116.125,1660974.75,3925
262,0.0017325279768556356,0.0009903657482936978,1720420.625,3387066.75,4552
263,0.0016094326274469495,0.0011560809798538685,307699.03125,885474.625,3832
264,0.0021001845598220825,0.0012465908657759428,1498204.875,2997264.0,4373
265,0.0012976505095139146,0.0009190835990011692,733393.125,1926764.125,3970
266,0.0016960203647613525,0.0009728959412313998,1325598.625,2750542.25,4571
267,0.0016952453879639506,0.0012404554290696979,286151.6875,938782.6875,3692
268,0.0020310357213020325,0.0012401490239426494,1884884.625,3635228.0,4806
269,0.001215052790939808,0.0008195272530429065,1013298.9375,2245666.75,4276
270,0.0016489833360537887,0.0009455716935917735,1141234.625,2516194.0,4382
271,0.001695740153081715,0.001223627827130258,321468.1875,1110322.0,3655
272,0.0019309594063088298,0.0010509504936635494,1384567.875,2935742.5,4734
273,0.0013032883871346712,0.0009422692819498479,674517.875,1706378.625,3909
274,0.0018438935512676835,0.0010196443181484938,1176638.0,2514731.5,4487
275,0.0017181216971948743,0.00125778722576797,230961.390625,498174.4375,3659
276,0.0021362125407904387,0.0012206247774884105,1377580.25,2914696.5,4620
277,0.001257802126929164,0.0008736407035030425,996114.5625,2460863.25,4102
278,0.001922935014590621,0.0011060710530728102,1127066.0,2619804.5,4355
279,0.0016418695449829102,0.0011738825123757124,432681.4375,1543057.375,3770
280,0.0020449028816074133,0.0011436460772529244,1409264.25,2886177.5,4655
281,0.001246672822162509,0.000824952672701329,943772.75,2132970.75,4277
282,0.0017300962936133146,0.0009887167252600193,1377197.875,2854888.5,4519
283,0.0016773074166849256,0.0011197420535609126,562359.75,1383361.375,4134
284,0.001975038554519415,0.0011124205775558949,1398896.25,2913041.0,4615
285,0.0012632086873054504,0.0008645621128380299,1245091.625,2915492.75,4181
286,0.0018598168389871716,0.0010720129357650876,1002249.375,2367202.5,4240
287,0.001741891959682107,0.0012662000954151154,242594.265625,358869.4375,3758
288,0.002256432082504034,0.0012762921396642923,1392638.75,2911392.5,4537
289,0.0013313351664692163,0.0009539933525957167,847732.375,2153527.5,3978
290,0.0018069029320031404,0.00098699692171067,1204957.5,2541346.5,4635
291,0.0017803013324737549,0.001282208482734859,281826.0,604313.375,3711
292,0.002132934285327792,0.00122532295063138,1357239.25,2923607.0,4640
293,0.0012992024421691895,0.0009091428364627063,783548.3125,2036326.5,3925
294,0.0018207371467724442,0.001049721846356988,1407461.5,2949225.5,4397
295,0.0018469691276550293,0.0013438643654808402,309567.875,733410.25,3691
296,0.002158641815185547,0.0012161567574366927,1192947.25,2626915.75,4550
297,0.0013176111970096827,0.0009149090037681162,533640.0,1297073.5,3888
298,0.0017989517655223608,0.001010805368423462,1479859.625,2871383.0,4600
299,0.0016528844134882092,0.0012372401542961597,275825.84375,608983.375,3655
300,,,,,0
301,,,,,0
302,,,,,0
303,,,1846996.625,2912428.0,0
304,,,,,0
305,,,,,0
306,,,,,0
307,,,,,0
308,,,,,0
309,,,,,0
310,,,,,0
311,,,,,0
