metal_fraction,porosity_fraction,n_components,specimen_area,z_index,build_z_um,approx_layer
0.0,,0,0,0,-759.591,-18.989775
0.0,,0,0,1,-757.5885,-18.939713
0.0,,0,0,2,-755.586,-18.88965
0.0,,0,0,3,-753.5835,-18.839588
0.0,,0,0,4,-751.581,-18.789524
0.0,,0,0,5,-749.5785,-18.739462
0.0,,0,0,6,-747.576,-18.6894
0.0,,0,0,7,-745.5735,-18.639338
0.0,,0,0,8,-743.571,-18.589275
0.0,,0,0,9,-741.5685,-18.539211
0.0,,0,0,10,-739.566,-18.48915
0.0,,0,0,11,-737.5635,-18.439087
0.0,,0,0,12,-735.561,-18.389025
0.0,,0,0,13,-733.5585,-18.338963
0.0,,0,0,14,-731.556,-18.2889
0.0,,0,0,15,-729.5535,-18.238838
0.0,,0,0,16,-727.551,-18.188776
0.0,,0,0,17,-725.5485,-18.138714
0.0,,0,0,18,-723.546,-18.08865
0.0,,0,0,19,-721.5435,-18.038588
0.0,,0,0,20,-719.541,-17.988525
0.0,,0,0,21,-717.5385,-17.938463
0.0,,0,0,22,-715.536,-17.888401
0.0,,0,0,23,-713.5335,-17.838337
0.0,,0,0,24,-711.531,-17.788275
0.0,,0,0,25,-709.5285,-17.738213
3.1711250041621014e-06,0.0,1,4,26,-707.526,-17.68815
0.00010226878138422778,0.0,2,113,27,-705.5235,-17.638088
0.00013556559392792985,0.0,2,163,28,-703.521,-17.588024
0.00020533034401949606,0.0,2,218,29,-701.5185,-17.537962
0.000374192750491128,0.0,3,241,30,-699.516,-17.4879
0.000546226281966922,0.0,4,409,31,-697.5135,-17.437838
0.000656422875861555,0.0,4,495,32,-695.511,-17.387775
0.0007626555635009855,0.004016064257028112,6,498,33,-693.5085,-17.337711
0.0008752305011487401,0.0,5,417,34,-691.506,-17.28765
0.0009418241262361442,0.0,5,524,35,-689.5035,-17.237587
0.0011083081889546546,0.0,5,741,36,-687.501,-17.187525
0.0013310797204970422,0.0,7,1002,37,-685.49854,-17.137463
0.001591904752089375,0.0,4,1316,38,-683.496,-17.087399
0.001792478408602628,0.0,4,1555,39,-681.4935,-17.037338
0.001994637627617962,0.0,3,1899,40,-679.49097,-16.987274
0.002211859690403066,0.0,6,2125,41,-677.4885,-16.937214
0.0024544507532214665,0.0,4,2380,42,-675.486,-16.88715
0.0027287530660814884,0.0,5,2688,43,-673.4835,-16.837088
0.003026838816472726,0.0,4,3017,44,-671.481,-16.787025
0.0033217534418598016,0.0,3,3369,45,-669.4785,-16.736963
0.0035905062859625395,0.0,4,3748,46,-667.476,-16.686901
0.0037910799424757924,0.0,5,4044,47,-665.4735,-16.636837
0.004063796692833733,0.0,7,4395,48,-663.471,-16.586775
0.004471286255868563,0.0,4,4893,49,-661.4685,-16.536713
0.004718634006193207,0.0,5,5185,50,-659.466,-16.48665
0.004963603412764729,0.0,6,5491,51,-657.4635,-16.436588
0.005260896381904926,0.00017091095539224064,4,5851,52,-655.461,-16.386524
0.005501901882221247,0.0,3,6671,53,-653.4585,-16.336462
0.005677106538701202,0.0,4,6889,54,-651.456,-16.2864
0.0058665812576998875,0.0001404494382022472,3,7120,55,-649.4535,-16.236338
0.006028308632912155,0.0,2,7333,56,-647.451,-16.186275
0.006190828789375463,0.0,1,7809,57,-645.4485,-16.136211
0.006398537477148081,0.0,3,8030,58,-643.446,-16.08615
0.006604660602418617,0.0,2,8257,59,-641.4435,-16.036087
0.00677590135264337,0.0,2,8448,60,-639.441,-15.986025
0.006932079259098354,0.0,2,8613,61,-637.4385,-15.935962
0.007115211728088716,0.0,2,8803,62,-635.436,-15.8859
0.007351460540898792,0.0,2,9069,63,-633.4335,-15.835836
0.0076130783537421655,0.0,2,9379,64,-631.431,-15.785776
0.007799381947736689,0.0,4,9604,65,-629.42847,-15.735712
0.007991235010488497,0.0,2,9856,66,-627.426,-15.685651
0.008220348792039207,0.00039416633819471815,4,10148,67,-625.42346,-15.635587
0.00843598529232223,0.0011476664116296864,5,10456,68,-623.421,-15.5855255
0.00867857635514063,0.0,3,10745,69,-621.4185,-15.535463
0.008919581855456951,0.0002722323049001815,8,11020,70,-619.416,-15.4854
0.009192298605814891,0.0,3,11324,71,-617.4135,-15.435338
0.009497519387465495,0.0,3,11700,72,-615.411,-15.385275
0.009844757575421244,0.0,8,12120,73,-613.4085,-15.335213
0.010292678982259142,0.0,6,12644,74,-611.406,-15.285151
0.010750113764109524,0.0,5,13157,75,-609.4035,-15.235087
0.011192485702190138,7.338372349012989e-05,6,13627,76,-607.401,-15.185025
0.01160552473398225,0.0,6,14122,77,-605.3985,-15.134962
0.011904403265624528,0.0,5,14483,78,-603.396,-15.0849
0.012261154828592765,0.0002017213555675094,9,14872,79,-601.3935,-15.034838
0.012655167110359907,0.0,5,15517,80,-599.391,-14.984775
0.013077719517164507,0.0,7,15955,81,-597.3885,-14.934712
0.013530397611508647,6.0849458439819885e-05,4,16434,82,-595.386,-14.884649
0.013954535580815329,0.00022838871759735068,4,17514,83,-593.3835,-14.834587
0.014419898175176117,0.00011067456145205025,5,18071,84,-591.381,-14.784525
0.014851963956993203,0.0001075905105169724,7,18589,85,-589.3785,-14.734462
0.015240426770003061,0.0011580775911986102,12,18997,86,-587.376,-14.6844
0.01573750061440547,0.0,17,19405,87,-585.37354,-14.634338
0.01630909589640569,0.0,18,19866,88,-583.371,-14.584274
0.01717164189753778,0.0,31,20493,89,-581.3685,-14.534213
0.018639872774464834,0.0003303289132178755,42,21191,90,-579.36597,-14.484149
0.02080812949606067,4.5626682483916596e-05,47,21917,91,-577.3635,-14.434088
0.023522612499623428,0.00026497085320614734,56,22644,92,-575.36096,-14.384024
0.02671989928506987,0.0,74,23366,93,-573.3585,-14.333963
0.030804308290430654,0.0,95,24137,94,-571.356,-14.2839
0.03613179829742299,4.017839206074973e-05,97,24889,95,-569.3535,-14.233838
0.04217279143035179,0.0001568812017100051,113,25497,96,-567.351,-14.183775
0.049391064721075774,0.09246432196811369,95,33494,97,-565.3485,-14.133713
0.05724673413763634,0.07164415853363001,94,45391,98,-563.346,-14.083651
0.06492402777271279,0.0350187195098892,105,52886,99,-561.3435,-14.033587
0.07233177578243545,0.03413063627050846,113,61499,100,-559.341,-13.983525
0.07975062272967269,0.02063935216990923,120,68413,101,-557.3385,-13.933462
0.08724161277075462,0.0202284751651707,121,75982,102,-555.336,-13.8834
0.09540012462521266,0.0366010854816825,119,88440,103,-553.3335,-13.833338
0.10333427938562624,0.026140383160563496,127,97818,104,-551.331,-13.783275
0.11132551439611474,0.013585638039786511,121,105111,105,-549.3285,-13.733212
0.11899567299993181,0.01926730457262325,98,115273,106,-547.326,-13.683149
0.12735000182339687,0.03831668577042738,110,128247,107,-545.3235,-13.633087
0.1353166606151031,0.029529474600700923,121,136677,108,-543.321,-13.583025
0.1438747342200856,0.02152926807388955,132,144919,109,-541.3185,-13.532962
0.15281651395057166,0.012549717940052512,133,153868,110,-539.316,-13.4829
0.1618645263686972,0.0193736571078755,103,166618,111,-537.3135,-13.432837
0.1703663125048558,0.009649792931526678,99,174097,112,-535.31104,-13.382776
0.1781133708900238,0.00525929013293555,100,182344,113,-533.3085,-13.332712
0.18608637193173835,0.01171163627990706,114,191092,114,-531.306,-13.282651
0.19448747484901482,0.009320772435289063,123,200198,115,-529.30347,-13.232587
0.203215996422971,0.009394447957325625,104,210337,116,-527.301,-13.182526
0.21159965815272455,0.009853176431801407,102,266919,117,-525.29846,-13.132462
0.21986915938232826,0.010826387785465628,97,276916,118,-523.296,-13.0824
0.2277200721113826,0.008262997005706893,119,287547,119,-521.2935,-13.032338
0.23548695002782663,0.006760459213689006,98,297465,120,-519.291,-12.982275
0.24249513628702488,0.008972993050328911,79,306921,121,-517.2885,-12.932213
0.248679622826392,0.005082442500294381,70,314219,122,-515.286,-12.882151
0.2540530941459447,0.0027362647328311113,70,319779,123,-513.2835,-12.8320875
0.25932667502786627,0.0026447674223290447,73,327439,124,-511.281,-12.782025
0.264407610065785,0.004201504766689393,71,334404,125,-509.2785,-12.731962
0.26880992435281303,0.0019065748838963672,81,339352,126,-507.276,-12.6819
0.27240201620127763,0.0012523518001829016,109,343354,127,-505.2735,-12.631838
0.2756936439555979,0.0017447642699871802,79,347898,128,-503.271,-12.581775
0.27871651886581544,0.006394809485021269,88,353568,129,-501.2685,-12.531713
0.28133428255675125,0.005452281319766203,69,356548,130,-499.266,-12.481649
0.2836119430909907,0.0037236785261368227,60,358785,131,-497.2635,-12.431587
0.28527123424941847,0.002541133911653984,63,360469,132,-495.261,-12.381525
0.2866593942199905,0.002550534535728186,55,362277,133,-493.25848,-12.331462
0.28834326159720053,0.002445531347265451,52,364338,134,-491.25598,-12.2814
0.2898225914116421,0.002615535406650231,50,366273,135,-489.2535,-12.231338
0.29139864053871073,0.0026961276764429576,42,368306,136,-487.251,-12.181275
0.29327118985366846,0.0020544635312475536,41,370413,137,-485.2485,-12.131212
0.29524521516875935,0.004470456751272021,28,374011,138,-483.246,-12.08115
0.2971058727649515,0.0033649255061353367,34,375937,139,-481.2435,-12.031088
0.29863911170446383,0.0017679224128562682,27,377279,140,-479.241,-11.981025
0.30002647889378475,0.001438442575788768,34,378882,141,-477.2385,-11.930963
0.3015985641145981,0.0014779773499314828,25,380926,142,-475.236,-11.880899
0.3029756251476555,0.0012890540226068177,25,382451,143,-473.2335,-11.830837
0.3044945940246492,0.0040797165725193615,15,385566,144,-471.231,-11.780775
0.3058391510264139,0.0020359485916513174,12,386552,145,-469.2285,-11.730712
0.3066549229337346,0.001172369270497095,10,387250,146,-467.22598,-11.68065
0.30724871609076393,0.000928062283291012,7,387905,147,-465.22348,-11.630587
0.3076046748724811,0.0008317732220525485,3,388327,148,-463.221,-11.580525
0.3078892833416047,0.0006818965472875956,6,388622,149,-461.2185,-11.530462
0.3081675495607199,0.0005939249957576786,5,388938,150,-459.216,-11.4804
0.30832927693593215,0.0005191200657894737,4,389120,151,-457.2135,-11.430338
0.30837208712348835,0.0004753889838239262,5,389155,152,-455.211,-11.380275
0.3084212395610529,0.0004470617253499414,4,389208,153,-453.2085,-11.330213
0.30849576099865067,0.00036992223926262166,5,389271,154,-451.206,-11.280149
0.30858058859251203,0.00026711802764157897,2,389341,155,-449.2035,-11.230087
0.3086424255300932,0.00023112243325697733,2,389404,156,-447.201,-11.180025
0.3087304242489587,0.0002618553736830215,2,389528,157,-445.1985,-11.129962
0.30888025990540535,0.00018989550614850856,3,389688,158,-443.19598,-11.0799
0.3090768696556634,0.00020002974801380718,1,389942,159,-441.19348,-11.029837
0.3091902373745622,0.0002230260273937486,2,390089,160,-439.19098,-10.979774
0.3091957868433195,0.0002614606937423741,1,390116,161,-437.1885,-10.929712
0.30917121062453723,0.00021022299019130293,4,390062,162,-435.186,-10.87965
0.3091426704994997,0.00015384457595306715,4,390004,163,-433.1835,-10.829588
0.30910937368695607,0.00017950144755095917,5,389969,164,-431.181,-10.779525
0.30912285096822373,0.00018462295889062116,2,389984,165,-429.1785,-10.729463
0.30909113971818214,0.000182077426502267,7,389944,166,-427.176,-10.6793995
0.3090189966243374,0.00017186185385073156,7,389848,167,-425.1735,-10.629337
0.3089460607492417,0.00015907469839950328,5,389754,168,-423.171,-10.579275
0.30890562890543866,0.0001180431524706945,4,389688,169,-421.1685,-10.529212
0.30890404334293653,0.00010008109134580839,2,389684,170,-419.166,-10.47915
0.30890404334293653,5.389230777127078e-05,2,389666,171,-417.16348,-10.429087
0.3089500246554969,5.3884702133064425e-05,2,389721,172,-415.16098,-10.3790245
0.30906577071814884,9.746388706500328e-05,1,389888,173,-413.1585,-10.328962
0.30923859703087564,8.459347707388599e-05,1,390101,174,-411.156,-10.2789
0.30939081103107546,9.736175271652101e-05,2,390297,175,-409.1535,-10.228838
0.30948118809369407,0.00010245586713523149,2,390412,176,-407.151,-10.178775
0.309597726937597,3.8409636209532245e-05,4,390527,177,-405.1485,-10.128713
0.3096302309688897,6.400819304871024e-05,5,390575,178,-403.146,-10.0786495
0.309675419500199,6.399803398039613e-05,4,390637,179,-401.1435,-10.028587
0.3096849328752115,9.727128449290944e-05,4,390660,180,-399.141,-9.978525
0.3097285358440187,7.422365891925234e-05,2,390711,181,-397.1385,-9.928462
0.30973408531277596,5.6307459202686375e-05,3,390712,182,-395.136,-9.8784
0.30973487809402706,6.142553305845407e-05,2,390717,183,-393.13348,-9.828337
0.30979195834410195,6.14143730104302e-05,3,390788,184,-391.13098,-9.778275
0.30981970568788836,3.5823034210997674e-05,2,390810,185,-389.12848,-9.728212
0.3098458674691727,4.3494835627899125e-05,1,390851,186,-387.126,-9.67815
0.3098839209692226,5.3721767292653164e-05,1,390903,187,-385.1235,-9.628088
0.3099417940005486,3.836739078722212e-05,2,390957,188,-383.121,-9.578025
0.3100194865631506,3.5802147105907866e-05,3,391038,189,-381.1185,-9.527963
0.3100900440944932,2.556779684851336e-05,5,391117,190,-379.116,-9.4779
0.3101827995008649,3.322836577785048e-05,3,391232,191,-377.1135,-9.427837
0.3102454292196971,2.55536191590815e-05,3,391334,192,-375.111,-9.377775
0.3102858610635002,1.2775405810765578e-05,4,391377,193,-373.1085,-9.327712
0.31034769800108136,3.8317406064879034e-05,5,391467,194,-371.106,-9.27765
0.31044996678246556,3.5750948676959534e-05,3,391598,195,-369.1035,-9.227587
0.3105926674076529,2.552472452441057e-05,3,391777,196,-367.10098,-9.177525
0.3106616393764934,4.8484353588735296e-05,2,391879,197,-365.09848,-9.127462
0.31073140412658495,2.551287251982988e-05,2,391959,198,-363.09598,-9.077399
0.31073853915784433,3.061450974689454e-05,2,391971,199,-361.0935,-9.027338
0.3106878011577777,2.296474911011597e-05,1,391905,200,-359.091,-8.977275
0.3106402342827153,2.5520229886230816e-05,1,391846,201,-357.0885,-8.927213
0.310614865282682,3.5731148628817174e-05,2,391815,202,-355.086,-8.87715
0.3106227930951924,2.5521662787373922e-05,1,391824,203,-353.0835,-8.827087
0.31065291878273193,2.807110666510149e-05,2,391862,204,-351.081,-8.777025
0.3106552971264851,7.655971274795777e-06,3,391851,205,-349.0785,-8.726962
0.31071237737656,5.1029650778584894e-06,1,391929,206,-347.076,-8.6769
0.3107924482829151,2.5507796457987383e-05,2,392037,207,-345.0735,-8.626837
0.31079165550166404,3.826149949367282e-05,3,392039,208,-343.07098,-8.576775
0.310790862720413,4.3362590328101766e-05,1,392043,209,-341.06848,-8.526712
0.3107726287516391,2.0407642662176984e-05,2,392010,210,-339.06598,-8.476649
0.31075915147037136,4.591789879695105e-05,1,392004,211,-337.06348,-8.426587
0.31069572897028813,2.8067167282868568e-05,1,391917,212,-335.061,-8.376525
0.3107084134703048,1.7860423343063013e-05,2,391928,213,-333.0585,-8.326463
0.3108059255641828,5.101429165380682e-06,1,392047,214,-331.056,-8.2764
0.3108558707829983,1.0201167013506345e-05,1,392112,215,-329.0535,-8.226337
0.31093752725185553,3.0594840180203607e-05,1,392223,216,-327.051,-8.176275
0.31097558075190546,2.8041909908991257e-05,1,392270,217,-325.0485,-8.126212
0.3110144270332064,2.0391725037979587e-05,1,392316,218,-323.046,-8.07615
0.31102235484571683,3.5684154451215935e-05,2,392331,219,-321.0435,-8.026087
0.3110802278770428,1.274222978827511e-05,1,392396,220,-319.041,-7.9760246
0.3111055968770761,3.5675061348364424e-05,2,392431,221,-317.03848,-7.925962
0.3110802278770428,1.5290675745930133e-05,2,392396,222,-315.03598,-7.8758993
0.311064372252022,2.548556370244075e-05,3,392379,223,-313.03348,-7.825837
0.3110469310644991,2.0389594170615027e-05,1,392357,224,-311.031,-7.775775
0.310947040626868,1.784671709639012e-05,2,392229,225,-309.0285,-7.725713
0.3107226835328235,3.316783434452705e-05,4,391946,226,-307.026,-7.67565
0.3106552971264851,5.8693233435748774e-05,4,391868,227,-305.0235,-7.6255875
0.31069969287654337,3.572239615627018e-05,5,391911,228,-303.021,-7.575525
0.310595045751406,8.42260013323022e-05,4,391803,229,-301.0185,-7.525462
0.3106323064702049,1.2761091941115217e-05,10,391816,230,-299.016,-7.4754
0.310770250407886,2.2958773695367684e-05,3,392007,231,-297.0135,-7.4253373
0.31103583212698455,7.645980890145096e-05,3,392363,232,-295.011,-7.3752747
0.31116584825215515,3.3120850339616105e-05,2,392502,233,-293.00848,-7.325212
0.3112102440022134,2.8020980071988446e-05,3,392563,234,-291.00598,-7.2751493
0.3112387841272509,2.547173656111179e-06,1,392592,235,-289.00348,-7.225087
0.31130458497108726,5.093257545661054e-06,1,392676,236,-287.00098,-7.1750245
0.311377520846183,1.782199896632406e-05,1,392773,237,-284.9985,-7.124963
0.3114591773150402,5.090548124769334e-05,3,392885,238,-282.996,-7.0749
0.31148296075257137,2.290641710549423e-05,4,392903,239,-280.9935,-7.0248375
0.3115202214713703,7.634597962071317e-06,2,392948,240,-278.991,-6.974775
0.31155510384641605,2.035633769128596e-05,1,392998,241,-276.9885,-6.924712
0.31150991531510674,2.2904201903084688e-05,2,392941,242,-274.986,-6.87465
0.31149247412758385,2.0360430521303372e-05,1,392919,243,-272.9835,-6.8245873
0.31150753697135364,2.0359497832985948e-05,2,392937,244,-270.981,-6.7745247
0.31150357306509846,4.580875354381607e-05,3,392938,245,-268.9785,-6.724462
0.31156065331517335,5.5977507219826215e-05,4,393015,246,-266.97598,-6.6743994
0.31165578706529823,2.2893423482547582e-05,1,393126,247,-264.97348,-6.624337
0.3117414074404106,2.543053902570519e-05,3,393228,248,-262.97098,-6.5742745
0.311730308502896,4.068958677181534e-05,4,393221,249,-260.96848,-6.524212
0.3117358579716533,5.086211281216621e-06,1,393220,250,-258.966,-6.47415
0.3118103794092511,3.8136207277913795e-05,1,393327,251,-256.9635,-6.4240875
0.3118627029718198,2.033646684393287e-05,3,393382,252,-254.961,-6.374025
0.31183257728428027,1.0169215750081353e-05,1,393344,253,-252.9585,-6.323962
0.31175409194042725,2.034339653348523e-05,2,393248,254,-250.956,-6.2739
0.3117128673153731,7.120822556731339e-05,2,393213,255,-248.95349,-6.2238374
0.31163358919026907,6.359559307978194e-05,2,393109,256,-246.95099,-6.1737747
0.3115844367527046,2.544309143738201e-05,3,393034,257,-244.94849,-6.123712
0.3115876078777087,2.035478388308212e-05,2,393028,258,-242.94598,-6.0736494
0.31168908387784194,3.306785778786206e-05,5,393131,259,-240.94348,-6.023587
0.31185239681555627,2.0339413970634972e-05,4,393325,260,-238.94098,-5.9735246
0.3119998541282498,0.00018037655511265912,2,393621,261,-236.93848,-5.923462
0.3121496897846965,0.00010919941591010095,2,393775,262,-234.93597,-5.8733993
0.31227653478486295,5.8389565023127345e-05,2,393906,263,-232.93347,-5.8233366
0.31236215515997534,1.2689936626456488e-05,1,394013,264,-230.93097,-5.7732744
0.3124564961288491,1.776045710342168e-05,1,394134,265,-228.92847,-5.723212
0.3125421165039615,2.2828560050527214e-05,2,394243,266,-226.92596,-5.673149
0.31257144941025,4.818800423039953e-05,2,394289,267,-224.92346,-5.6230865
0.312590476160275,5.3256643766309845e-05,1,394317,268,-222.92096,-5.573024
0.3125666927227438,3.8044126113741795e-05,3,394279,269,-220.91852,-5.522963
0.3124913785038949,1.2684817795277189e-05,4,394172,270,-218.91602,-5.4729004
0.3124319199100669,1.7761989342806394e-05,2,394100,271,-216.91351,-5.4228377
0.31242240653505443,3.0449433640534287e-05,1,394096,272,-214.91101,-5.372775
0.3124414332850794,1.268671675382441e-05,1,394113,273,-212.90851,-5.322713
0.3124961351914012,2.5368670199676804e-05,1,394187,274,-210.906,-5.2726502
0.3125413237227105,3.551064304701609e-05,1,394248,275,-208.9035,-5.2225876
0.31261822350406143,3.5501908227567234e-05,1,394345,276,-206.901,-5.172525
0.31266420481662177,5.831716933531104e-05,6,394395,277,-204.8985,-5.1224623
0.3126800604416426,3.296171116920261e-05,3,394397,278,-202.896,-5.0724
0.3126420069415926,1.7750548999122616e-05,4,394354,279,-200.8935,-5.0223374
0.31260078231653854,4.057587307866901e-05,2,394323,280,-198.89099,-4.972275
0.3125825483477646,2.0289737450797387e-05,5,394288,281,-196.88849,-4.922212
0.31258571947276875,2.0289222872040943e-05,1,394298,282,-194.88599,-4.8721495
0.3125793772227604,1.7753475242778772e-05,1,394289,283,-192.88348,-4.8220873
0.3126245657540697,1.775090910013034e-05,1,394346,284,-190.88098,-4.7720246
0.3126277368790739,2.0286598926331753e-05,3,394349,285,-188.87848,-4.721962
0.3126824387853957,1.2677002649493554e-05,2,394415,286,-186.87598,-4.6718993
0.3127022583166717,2.2817679137795963e-05,4,394431,287,-184.87347,-4.6218367
0.3126570697853624,1.2678449172097269e-05,3,394370,288,-182.87097,-4.5717745
0.312630115222827,1.7751629345979254e-05,5,394330,289,-180.86847,-4.521712
0.31263407912908225,1.2678899268681091e-05,1,394356,290,-178.86597,-4.471649
0.3126427997228437,2.0285518675355632e-05,1,394370,291,-176.86346,-4.4215865
0.3126475564103499,1.0142733618851284e-05,2,394371,292,-174.86096,-4.371524
0.3126959160666634,3.295811783794747e-05,3,394440,293,-172.85846,-4.3214617
0.3127601313479977,2.5347321675255185e-05,2,394519,294,-170.85596,-4.271399
0.31287191350439436,2.280443926417676e-05,1,394660,295,-168.85352,-4.221338
0.31294247103573697,2.7865667218069113e-05,1,394751,296,-166.85101,-4.171275
0.31294484937949013,4.306414023710609e-05,1,394760,297,-164.84851,-4.121213
0.3130241275045942,4.811807669514919e-05,1,394862,298,-162.84601,-4.0711503
0.31304553259837226,7.596879202023809e-05,2,394899,299,-160.8435,-4.0210876
0.3130391903483639,5.824642797449313e-05,4,394874,300,-158.841,-3.971025
0.3130851716609243,6.330075454499417e-05,2,394940,301,-156.8385,-3.9209626
0.31316603534853044,6.581478706385047e-05,1,395048,302,-154.836,-3.8709
0.3132302506298647,5.567886455610025e-05,2,395123,303,-152.8335,-3.8208375
0.31326671856741256,5.820279879545512e-05,3,395170,304,-150.831,-3.7707748
0.31333886166125724,5.8189104469682215e-05,1,395263,305,-148.82849,-3.7207122
0.3133658162237926,2.276855510749288e-05,2,395282,306,-146.82599,-3.6706498
0.31336660900504365,4.553595822834765e-05,2,395292,307,-144.82349,-3.620587
0.3133475822550187,2.529986666970265e-05,3,395259,308,-142.82098,-3.5705247
0.3133761223800562,3.794567191666119e-05,1,395302,309,-140.81848,-3.520462
0.31340704084884674,7.841074075385604e-05,4,395354,310,-138.81598,-3.4703994
0.31340466250509363,4.553100534989313e-05,4,395335,311,-136.81348,-3.420337
0.31338008628631137,3.288608260983952e-05,2,395304,312,-134.81097,-3.3702743
0.31333251941124896,4.0480913249402905e-05,1,395248,313,-132.80847,-3.320212
0.3132928803486969,5.8197791520328744e-05,2,395204,314,-130.80597,-3.2701492
0.3132825741924334,6.832070243803692e-05,2,395195,315,-128.80347,-3.2200866
0.31332934828624476,5.8190871117340626e-05,1,395251,316,-126.800964,-3.1700242
0.31344826547390087,8.34574657761165e-05,1,395411,317,-124.79846,-3.1199615
0.31348711175520183,6.321911746112024e-05,3,395450,318,-122.79596,-3.069899
0.31353071472400906,6.573840665272675e-05,2,395507,319,-120.79346,-3.0198364
0.3136123711928662,9.352361597686681e-05,1,395622,320,-118.790955,-2.9697738
0.3136718297866943,8.59249824359227e-05,1,395694,321,-116.78851,-2.9197128
0.31369085653671924,4.801641656010392e-05,2,395698,322,-114.78601,-2.8696504
0.31364408244290787,5.307788547814328e-05,2,395645,323,-112.78351,-2.8195877
0.31355766928654444,0.00011123583007210105,5,395556,324,-110.781006,-2.769525
0.31345460772390915,0.00012644494966226554,4,395429,325,-108.7785,-2.7194626
0.313372951255052,0.00012141969984038368,2,395323,326,-106.776,-2.6694
0.3133182493487302,7.843375383945875e-05,3,395238,327,-104.7735,-2.6193376
0.31327940306742924,0.00010121457489878542,3,395200,328,-102.770996,-2.569275
0.3132905020049438,0.00012904009351611483,2,395226,329,-100.76849,-2.5192122
0.313353131723776,0.0001568357626012476,2,395318,330,-98.76599,-2.4691498
0.3134339954113821,0.00015679490972912415,2,395421,331,-96.76349,-2.4190872
0.3134918684427081,0.0001643510031732386,3,395495,332,-94.76099,-2.3690248
0.3134847334114487,0.00020480197418989442,2,395504,333,-92.758484,-2.318962
0.31356321875530174,0.00017947693847732778,1,395594,334,-90.75598,-2.2688994
0.3136551813804224,0.00024511290355186285,1,395736,335,-88.75348,-2.218837
0.31370829772424214,0.000247597295631171,1,395804,336,-86.75098,-2.1687744
0.3137233605680119,0.0003082014424838005,3,395845,337,-84.748474,-2.118712
0.3137471440055431,0.00033342932056197995,2,395886,338,-82.74597,-2.0686493
0.31371622553675255,0.00041679823176507736,3,395875,339,-80.74347,-2.0185866
0.3137859902868441,0.0003737836247414453,2,395951,340,-78.74097,-1.9685242
0.3138874662869773,0.0003358034666027041,1,396065,341,-76.738464,-1.9184616
0.3139358259432908,0.0003130475175836771,3,396106,342,-74.73596,-1.868399
0.3139342403807887,0.0002802329720600153,3,396099,343,-72.73346,-1.8183365
0.3139516815683116,0.0002221666805520842,3,396099,344,-70.73096,-1.768274
0.3139659516308303,0.0002827283283687585,4,396140,345,-68.728455,-1.7182114
0.3139754650058428,0.00037103503630842857,2,396189,346,-66.72601,-1.6681503
0.31395723103706885,0.0004391798946473057,2,396193,347,-64.72351,-1.6180878
0.31396991553708553,0.0005729169295690756,4,396218,348,-62.72101,-1.5680252
0.31402937413091353,0.0006383698104066895,3,396322,349,-60.718506,-1.5179627
0.3140721843184697,0.0008222190835536006,4,396488,350,-58.716003,-1.4679
0.3140071762558844,0.0010844674004055403,3,396508,351,-56.7135,-1.4178375
0.3139643660683282,0.0012685202698442721,7,396525,352,-54.711,-1.367775
0.3138541694744336,0.0015032094530688424,2,396485,353,-52.708496,-1.3177124
0.3137273244742671,0.0016902246989760265,4,396397,354,-50.705994,-1.2676499
0.3135941372240923,0.0019780796479825606,3,396344,355,-48.70349,-1.2175872
0.31339197800507695,0.0024377256978179076,2,396271,356,-46.70099,-1.1675247
0.3132889164424417,0.0027708590420095543,5,396267,357,-44.698486,-1.1174622
0.31319378269231685,0.003161674350065227,2,396309,358,-42.695984,-1.0673996
0.313099441723443,0.003557560573145716,3,396339,359,-40.69348,-1.0173371
0.3129789389732849,0.0038329838479726065,3,396297,360,-38.69098,-0.9672745
0.31277123028551224,0.004202762464409039,7,396168,361,-36.688477,-0.9172119
0.3127347623479644,0.00432640368324869,7,396172,362,-34.685974,-0.86714935
0.3126348719103333,0.004694776430203062,8,396185,363,-32.68347,-0.8170868
0.3125587649102334,0.005168062985767639,10,396280,364,-30.68097,-0.7670242
0.3125008918789074,0.005763565187561798,9,396456,365,-28.678467,-0.7169617
0.31238752416000864,0.006287151060594215,5,396523,366,-26.675964,-0.6668991
0.312258300816089,0.007013775438171881,6,396648,367,-24.673462,-0.61683655
0.3121045012533872,0.007465452427595701,3,396627,368,-22.67096,-0.566774
0.3118904503156062,0.008329425763740779,6,396666,369,-20.668457,-0.5167114
0.3117057322841138,0.009080965006905868,10,396764,370,-18.665955,-0.46664888
0.3114908885650818,0.01002839699349666,7,396873,371,-16.663452,-0.4165863
0.3111650554709041,0.010802745298688599,15,396751,372,-14.661011,-0.36652526
0.310848735751739,0.011303795169783911,22,396504,373,-12.658508,-0.3164627
0.310595045751406,0.012039106286163982,26,396458,374,-10.656006,-0.26640016
0.310361175282349,0.012690348927840824,15,396443,375,-8.653503,-0.21633759
0.30978244496908947,0.01429627555024008,29,396327,376,-6.651001,-0.16627502
0.30671279596506057,0.019642802795897456,78,394292,377,-4.6484985,-0.116212465
0.29388638810447587,0.025422988207440992,266,377611,378,-2.645996,-0.066149905
0.2721174077321541,0.02741410238322157,322,347303,379,-0.64349365,-0.016087342
0.238350475906585,0.03463080033952408,562,305133,380,1.3590088,0.03397522
0.20301938667271294,0.013013304796435017,554,250436,381,3.3615112,0.08403778
0.18370564983486368,0.0002585983966899405,244,228153,382,5.3640137,0.13410035
0.18008898176761678,0.0003874160231745221,8,227146,383,7.366516,0.1841629
0.17885224301599356,0.0002837307040954754,10,225566,384,9.369019,0.23422547
0.17740621001409565,0.00023697953927600515,9,223648,385,11.371521,0.28428802
0.17624637104382337,0.00015747889782769108,6,222252,386,13.374023,0.3343506
0.1752672861987883,0.00015384128104539675,7,221007,387,15.376526,0.38441315
0.17431911982254383,3.6408319300960266e-05,7,219730,388,17.379028,0.43447572
0.1734629160714201,0.00011438663598054512,5,218557,389,19.38153,0.48453826
0.1727454490392284,9.184085816097865e-05,5,217768,390,21.384033,0.53460085
0.17223251956980518,0.0001427209988628359,2,217207,391,23.386536,0.5846634
0.17175526525667878,0.00013848689221565178,4,216627,392,25.389038,0.6347259
0.17116622878715568,0.00016673305112220607,3,215914,393,27.39154,0.6847885
0.17063347978645643,0.00018116867732929497,5,215269,394,29.394043,0.73485106
0.17010152356700825,0.0001910495610519841,1,214604,395,31.396545,0.78491366
0.16952992828500804,7.4815999401472e-05,1,213858,396,33.399048,0.8349762
0.16912164594072215,4.218796143082815e-05,2,213331,397,35.40149,0.88503724
0.16873239034646126,0.0,1,212836,398,37.40399,0.9350998
0.1683320358146858,5.1805418846811377e-05,3,212333,399,39.406494,0.9851624
0.16786191653281876,4.250395522916716e-05,2,211745,400,41.408997,1.0352249
0.1674988227198422,5.206090178947518e-05,1,211291,401,43.4115,1.0852875
0.16710481043807507,0.00011859132480740769,1,210808,402,45.414,1.13535
0.1665855387186435,4.2829201901616566e-05,1,210137,403,47.416504,1.1854126
0.16614950903057124,0.0,2,209411,404,49.419006,1.2354752
0.16574281224878745,1.9132439529533313e-05,1,209069,405,51.42151,1.2855377
0.1652901341544433,0.0,2,208478,406,53.42401,1.3356003
0.1649262475602157,5.287419306771262e-05,3,208041,407,55.426514,1.3856628
0.16447119112211844,0.0,1,207461,408,57.429016,1.4357255
0.16410016949663148,0.00020769334801677003,1,207036,409,59.43152,1.485788
0.16375213852742468,0.00021781325175823698,1,206599,410,61.43402,1.5358505
0.16342630543324702,0.00020370056017654048,1,206185,411,63.436523,1.5859131
0.16305766215151318,4.8619687083693925e-06,2,205678,412,65.439026,1.6359756
0.1627492702448584,6.332135098537764e-05,1,205302,413,67.44153,1.6860383
0.16249003077576815,0.00015122541367468,2,204992,414,69.44403,1.7361008
0.16225219640045602,0.0002344780421083484,1,204710,415,71.44653,1.7861633
0.16209046902524374,0.0002004909583467809,2,204498,416,73.449036,1.8362259
0.1618962376187388,0.0003475553641009575,1,204284,417,75.45154,1.8862884
0.16172816799351822,0.00043118443424192387,1,204089,418,77.45404,1.9363511
0.16167822277470267,0.0004754086308721543,1,204035,419,79.45654,1.9864136
0.16164492596215896,0.0005147184980024021,2,203995,420,81.459045,2.0364761
0.16156485505580387,0.0005394669086094014,1,203905,421,83.46155,2.0865388
0.16151887374324353,0.0005837854809116865,3,203842,422,85.46405,2.1366012
0.16156644061830594,0.0006815897222154117,2,203935,423,87.46649,2.1866622
0.1616124219308663,0.0006520023334820357,2,203987,424,89.468994,2.2367249
0.16166157436843082,1.9615439312282696e-05,1,203921,425,91.4715,2.2867875
0.1616790155559537,9.806805923310778e-06,2,203940,426,93.474,2.33685
0.16166633105593706,4.903787685608364e-06,1,203924,427,95.4765,2.3869126
0.16162272808712982,0.0,1,203868,428,97.479004,2.436975
0.16162510643088296,0.0,1,203871,429,99.48151,2.4870377
0.16163937649340168,0.0,1,203889,430,101.48401,2.5371003
0.16168773614971516,4.4126515623238006e-05,1,203959,431,103.48651,2.5871627
0.1617178618372547,4.9020328730324464e-05,2,203997,432,105.48901,2.6372254
0.1617725637435765,4.9005194550622366e-05,2,204060,433,107.491516,2.6872878
0.16189465205623674,4.896991777950805e-05,2,204207,434,109.49402,2.7373505
0.16200484865013137,2.4467345880188302e-05,2,204354,435,111.49652,2.7874131
0.16210394630651143,1.956191100308589e-05,1,204479,436,113.49902,2.8374755
0.1622165212441592,9.77445446326027e-06,3,204615,437,115.501526,2.8875382
0.1623362312130663,9.768582285652884e-06,4,204738,438,117.50403,2.9376006
0.16241947324442557,4.8823595467217395e-06,3,204819,439,119.50653,2.9876633
0.1625375976508306,1.4633503894950953e-05,2,205009,440,121.50903,3.037726
0.16261370465093047,4.875670404680644e-06,2,205100,441,123.511536,3.0877883
0.16268109105726894,1.9494887465762103e-05,3,205182,442,125.51404,3.137851
0.1627453063386032,9.742505577584444e-06,1,205286,443,127.51654,3.1879134
0.16272469402607617,4.8718935588695255e-06,1,205259,444,129.51904,3.237976
0.16264383033847002,0.00023391470884928582,2,205203,445,131.52155,3.2880387
0.162604191275918,0.00039476185138434696,1,205187,446,133.52405,3.3381011
0.16260894796342423,0.0005165968935956606,4,205189,447,135.52655,3.3881638
0.16264383033847002,0.0005943246863962977,3,205275,448,137.52899,3.4382248
0.16269853224479183,0.0006379662997954611,5,205340,449,139.5315,3.4882874
0.16277146811988755,0.0006620356623033973,3,205427,450,141.534,3.5383499
0.1627706753386365,0.0007252161046647457,2,205456,451,143.5365,3.5884125
0.16275164858861155,0.000735057879723112,2,205426,452,145.539,3.638475
0.1626921899947835,9.746968692736559e-06,3,205192,453,147.5415,3.6885376
0.1626747488072606,0.0,2,205184,454,149.544,3.7386003
0.16273817130734386,9.743122573353534e-06,2,205273,455,151.54651,3.7886627
0.16271835177606783,2.4359942510535674e-05,1,205255,456,153.54901,3.8387253
0.1626763343697627,3.8985404839063376e-05,1,205205,457,155.55151,3.8887877
0.16266682099475022,3.899053504761719e-05,4,205178,458,157.55402,3.9388504
0.16265651483848667,4.875195007800312e-06,3,205120,459,159.55652,3.988913
0.162525705932065,4.877906012506951e-06,3,205006,460,161.55902,4.0389757
0.16246624733823695,2.439774174502408e-05,1,204937,461,163.56152,4.089038
0.1623417806818236,2.4416685386125463e-05,3,204778,462,165.56403,4.1391006
0.16223079130667792,1.4660033815811335e-05,1,204638,463,167.56653,4.189163
0.16205162274394275,1.9568227069706916e-05,1,204413,464,169.56903,4.239226
0.16190099430624505,4.896464263155575e-05,1,204229,465,171.57153,4.2892885
0.16179713996235875,2.4498875501614475e-05,3,204091,466,173.57404,4.3393507
0.16167663721220057,4.903475092798266e-06,1,203937,467,175.57654,4.3894134
0.1615616839307997,9.813879770158936e-06,1,203793,468,177.57904,4.439476
0.16140233489934055,3.929311682825961e-05,1,203598,469,179.58154,4.4895387
0.16129213830544592,2.9490405787983643e-05,2,203456,470,181.58405,4.5396013
0.1611446809927524,9.83927543575691e-06,1,203267,471,183.58655,4.5896635
0.16099167421130156,3.939373048779287e-05,2,203078,472,185.58905,4.639726
0.16089336933617254,0.0,1,202948,473,187.59155,4.689789
0.16075859652349567,4.931720332003413e-06,2,202769,474,189.594,4.73985
0.16064919271085207,4.934835497258699e-06,1,202641,475,191.5965,4.789912
0.16054533836696575,5.431562314833103e-05,1,202520,476,193.599,4.839975
0.16043434899182007,0.0,1,202369,477,195.6015,4.8900375
0.16029640505413903,4.9457207151512155e-06,2,202195,478,197.604,4.9401
0.16018858680399753,2.9693415485116176e-05,1,202065,479,199.6065,4.990163
0.16005143564756752,0.0,1,201886,480,201.60901,5.040225
0.15987385264733442,0.0,2,201652,481,203.61151,5.0902877
0.15969468408459928,0.0,1,201436,482,205.61401,5.1403503
0.15948301149057145,9.941790814779467e-06,1,201171,483,207.61652,5.190413
0.15927213167779466,4.9772787226311886e-05,1,200913,484,209.61902,5.2404757
0.15911516099008866,8.96758219038177e-05,1,200723,485,211.62152,5.290538
0.15893837077110662,0.0,2,200475,486,213.62402,5.3406005
0.15880756186468492,0.0,2,200315,487,215.62653,5.390663
0.15873145486458504,0.0,1,200221,488,217.62903,5.440726
0.15867120348950595,1.4988908207926134e-05,1,200148,489,219.63153,5.4907885
0.1586386994582133,8.495837039850474e-05,3,200098,490,221.63403,5.5408506
0.1585824119893894,0.0001349595121463561,1,200060,491,223.63654,5.5909133
0.1585055122080385,0.0001200240048009602,1,199960,492,225.63904,5.640976
0.15845477420797188,9.505227875331432e-05,2,199890,493,227.64154,5.6910386
0.15849282770802184,2.0009104142384784e-05,2,199909,494,229.64404,5.7411013
0.1585078905517916,4.001480547802687e-05,2,199926,495,231.64655,5.7911634
0.15854752961434362,6.50269861992727e-05,4,199917,496,233.64905,5.841226
0.15856576358311755,0.0001850545911043758,5,199941,497,235.65155,5.8912888
0.15857765530188317,0.00014496013596261028,2,200055,498,237.65405,5.9413514
0.15854039458308428,8.001040135217578e-05,3,199974,499,239.65656,5.991414
0.15849837717677911,1.501133355683541e-05,5,199849,500,241.659,6.041475
0.1585134400205489,1.5009230676866273e-05,2,199877,501,243.6615,6.0915375
0.15849916995803015,6.0045634682358595e-05,2,199848,502,245.664,6.1416
0.1585308812080718,1.000680462714646e-05,3,199864,503,247.6665,6.191663
0.158593510926904,1.500435126186594e-05,2,199942,504,249.669,6.241725
0.15867199627075698,6.998670252651997e-05,3,200038,505,251.67151,6.2917876
0.15878694955215786,2.997601918465228e-05,5,200160,506,253.67401,6.3418503
0.1589090378648181,4.992411534467609e-05,4,200304,507,255.67651,6.391913
0.15909534145881263,0.0001345244560478708,1,200707,508,257.67902,6.4419756
0.15932128411535917,3.9806342145462324e-05,1,200973,509,259.68152,6.492038
0.15952502889687661,5.466816424304472e-05,4,201214,510,261.68402,6.5421004
0.15987940211609172,5.950550921839514e-05,3,201662,511,263.68652,6.592163
0.1602250547415454,7.917107880491257e-05,2,202094,512,265.68903,6.6422257
0.1604367273355732,0.00014821987925020503,1,202402,513,267.69147,6.6922865
0.1605913196795261,0.00012340194481465027,2,202590,514,269.69403,6.7423506
0.16070944408593116,0.00018742108585858585,2,202752,515,271.69647,6.792412
0.16083391074234452,0.0002858128418666535,2,202930,516,273.69904,6.842476
0.16096392686751515,0.0001822112567159622,3,203061,517,275.70148,6.892537
0.16100515149256925,0.0001920028357341893,3,203122,518,277.70404,6.942601
0.1610313132738536,0.0002510250188268764,2,203167,519,279.70648,6.992662
0.16111693364896598,0.0003148211914014462,2,203290,520,281.70905,7.042726
0.16116529330527946,0.00022622654129126176,2,203336,521,283.7115,7.0927873
0.1611874911803086,0.0003638688105423612,2,203370,522,285.71405,7.1428514
0.16118669839905755,3.442797912680808e-05,3,203323,523,287.7165,7.192912
0.16112169033647222,3.9393342525113254e-05,5,203080,524,289.71906,7.242976
0.16106778121140147,0.0001181602449855746,6,203114,525,291.7215,7.2930374
0.1610899790864306,9.844215292988458e-06,2,203165,526,293.72406,7.3431015
0.16111851921146805,4.920920802700602e-06,2,203214,527,295.7265,7.3931627
0.16116925721153466,9.838501005986727e-06,3,203283,528,297.72906,7.443227
0.16121840964909917,4.917895730774716e-06,3,203339,529,299.7315,7.4932876
0.16129372386794802,0.0,1,203453,530,301.73407,7.5433517
0.16131988564923236,0.0,2,203478,531,303.7365,7.593413
0.16134366908676356,9.827526902854897e-06,2,203510,532,305.73907,7.643477
0.16138013702431142,0.0,2,203561,533,307.74152,7.6935377
0.16137934424306039,0.0,1,203561,534,309.74408,7.743602
0.16140312768059162,4.911784353019765e-06,1,203592,535,311.74652,7.793663
0.16144831621190092,1.9641831207923516e-05,2,203647,536,313.74908,7.843727
0.1614617934931686,9.821542571476276e-06,2,203634,537,315.75153,7.8937883
0.16144118118064155,1.473173510376052e-05,1,203642,538,317.75397,7.943849
0.16142373999311865,8.349541266379835e-05,3,203604,539,319.75653,7.993913
0.1614340461493822,0.00020623517684666414,2,203651,540,321.75897,8.043974
0.16149033361820606,0.00021110407430863416,6,203691,541,323.76154,8.094038
0.1616377909308996,9.324009324009324e-05,2,203775,542,325.76398,8.144099
0.16181061724362644,0.0,5,203883,543,327.76654,8.194163
0.16188355311872216,9.793503968817483e-05,1,204217,544,329.76898,8.244225
0.16195331786881373,1.958058389301169e-05,2,204284,545,331.77155,8.294289
0.16202863208766258,0.0,2,204376,546,333.774,8.34435
0.16201594758764593,1.9572535817740547e-05,1,204368,547,335.77655,8.394414
0.16212059471278328,0.0,6,204483,548,337.779,8.444475
0.16217450383785403,0.0,3,204540,549,339.78156,8.494539
0.16217212549410093,0.0,3,204506,550,341.784,8.5446
0.1621523059628249,9.782007952772466e-06,4,204457,551,343.78656,8.594664
0.16213010808779577,2.4459924859110832e-05,3,204416,552,345.789,8.644725
0.16212376583778745,0.0001907127767780299,2,204496,553,347.79156,8.694789
0.1620643072439594,0.00028853395408886845,2,204482,554,349.794,8.74485
0.16199612805636993,0.00036690605248224177,3,204412,555,351.79657,8.794914
0.1619644168063283,0.00038170180280697636,2,204348,556,353.799,8.844975
0.1619564889938179,0.00042574015170051383,2,204350,557,355.80157,8.89504
0.1619644168063283,0.0003229547422967954,2,204363,558,357.80402,8.945101
0.16199929918137407,0.00031800858133925646,3,204397,559,359.80658,8.995165
0.161997713618872,0.00027397930477751414,2,204395,560,361.80902,9.045225
0.1620056414313824,0.00012721588045621571,1,204377,561,363.81158,9.095289
0.16191605715001484,0.0,2,204229,562,365.81403,9.14535
0.16177018539982338,3.430363618543566e-05,2,204060,563,367.8166,9.195415
0.16165840324342665,0.0,1,203913,564,369.81903,9.245476
0.16148795527445295,0.00013743950207631818,1,203726,565,371.82147,9.295537
0.16135159689927397,0.00030945305400692584,3,203585,566,373.82404,9.345601
0.16120493236783148,0.00018684420143771696,2,203378,567,375.82648,9.395662
0.1611137625239618,0.00010824214752420688,1,203248,568,377.82904,9.445726
0.1610178359925859,8.861800225483583e-05,2,203119,569,379.83148,9.495787
0.1609512423674985,2.9555048741201217e-05,2,203011,570,381.83405,9.545851
0.16089891880492982,9.854304113679252e-06,1,202957,571,383.8365,9.595912
0.16079347889854145,4.930407300947131e-06,1,202823,572,385.83905,9.645976
0.16066901224212807,0.0,1,202665,573,387.8415,9.696037
0.16054533836696575,0.0,1,202509,574,389.84406,9.746101
0.160374097616741,4.943300345042364e-06,1,202294,575,391.8465,9.796163
0.1601862084602444,4.949098521704271e-06,1,202057,576,393.84906,9.846227
0.16003399446004463,4.953903923987298e-06,3,201861,577,395.8515,9.896288
0.15988336602234693,4.958472790380562e-06,1,201675,578,397.85406,9.946352
0.15970816136586696,0.0,1,201453,579,399.8565,9.996412
0.15947270533430793,0.0,3,201154,580,401.85907,10.046476
0.1593078068340915,0.0,3,200944,581,403.8615,10.096538
0.15915004336513444,0.0,3,200745,582,405.86407,10.146602
0.15904618902124812,9.969095803010667e-06,1,200620,583,407.86652,10.196663
0.1589970365836836,0.0,1,200556,584,409.86908,10.246727
0.1589399563336087,4.987904331994912e-06,1,200485,585,411.87152,10.296788
0.15891141620857124,1.496625110376102e-05,1,200451,586,413.87408,10.346852
0.15886067820850464,7.984031936127745e-05,1,200400,587,415.87653,10.396914
0.15871004977080694,7.492170681637688e-05,1,200209,588,417.8791,10.446978
0.15859113258315086,6.49827795634157e-05,2,200053,589,419.88153,10.497038
0.1585039266455364,6.00162043751813e-05,1,199946,590,421.88397,10.547099
0.15840879289541154,0.00018013690404707576,2,199848,591,423.88654,10.597163
0.15840720733290947,0.0002751967656874665,2,199857,592,425.88898,10.647224
0.15842702686418547,0.0001250963241696106,3,199846,593,427.89154,10.6972885
0.15841275680166675,0.00012009908174243752,3,199835,594,429.89398,10.74735
0.1584492247392146,8.004762833886163e-05,1,199881,595,431.89655,10.797414
0.15845794533297605,9.504990119812901e-05,1,199895,596,433.899,10.847475
0.15836360436410224,0.00013014120320547796,1,199783,597,435.90155,10.897539
0.15827798398898985,0.00012019652131234568,1,199673,598,437.904,10.947599
0.15819949864513685,0.00013028401916177266,2,199564,599,439.90656,10.9976635
0.15811784217627967,0.00010528004491948584,1,199468,600,441.909,11.047725
0.15810753602001615,0.00011531423128023865,2,199455,601,443.91156,11.097789
0.15804887020743913,4.5142650776453595e-05,2,199368,602,445.914,11.14785
0.15803301458241834,0.00016552139238601595,3,199370,603,447.91656,11.197914
0.1580131950511423,0.00019061760102732854,2,199352,604,449.919,11.247975
0.1579600787073226,0.00028599382855422595,1,199305,605,451.92157,11.298039
0.15781579251963324,0.0004268332488036115,2,199141,606,453.924,11.348101
0.15767784858195216,0.0004221614667095529,1,198976,607,455.92657,11.398165
0.15752246345674822,0.0005231388329979879,1,198800,608,457.92902,11.448225
0.15733933098775787,0.0006447323353414059,4,198532,609,459.93158,11.498289
0.15713875733124463,0.0007814863365937279,3,198340,610,461.93402,11.54835
0.15703014629985207,0.0007971263092042863,4,198212,611,463.93658,11.598414
0.15695721042475633,0.000787349911423135,4,198133,612,465.93903,11.648476
0.15692391361221264,0.0007975850336702036,2,198098,613,467.9416,11.69854
0.1569469042684928,0.0007520770449933878,2,198118,614,469.94403,11.748601
0.15696593101851777,0.0006057118628668343,1,198114,615,471.94647,11.798662
0.15702142570609062,0.00035834153481212306,1,198135,616,473.94904,11.848726
0.15701191233107814,0.00014135702746365106,1,198080,617,475.95148,11.898787
0.15701746179983542,0.0001211613313610961,1,198083,618,477.95404,11.948851
0.157009533987325,8.583734328373282e-05,3,198049,619,479.95648,11.998912
0.15700477729981877,5.0495869437879985e-05,4,198036,620,481.95905,12.048976
0.1569643454560157,2.0203754867842187e-05,2,197983,621,483.9615,12.099037
0.1569722732685261,4.545684125460882e-05,2,197990,622,485.96405,12.149101
0.15691677858095326,8.589372420030416e-05,2,197919,623,487.9665,12.1991625
0.15691360745594912,0.00011114086093752367,2,197947,624,489.96906,12.249227
0.15695007539349698,9.091551927914095e-05,4,197986,625,491.9715,12.299288
0.15702935351860103,3.0292779715954702e-05,2,198067,626,493.97406,12.349352
0.1571324150812363,5.0455359620575695e-06,4,198195,627,495.9765,12.399412
0.1572402333313778,0.0,4,198302,628,497.97906,12.449476
0.15730286305021002,2.519983468908444e-05,3,198414,629,499.9815,12.499537
0.15737024945654846,5.54114298667607e-05,1,198515,630,501.98407,12.549602
0.15747965326919205,9.060889175257732e-05,2,198656,631,503.9865,12.599663
0.15756765198805756,6.540386889039821e-05,2,198765,632,505.98907,12.649727
0.1576310744881408,4.0234769882263004e-05,3,198833,633,507.99152,12.699788
0.15767705580070113,1.0055910864406098e-05,3,198888,634,509.99408,12.749852
0.1577388927382823,0.0,2,198947,635,511.99652,12.799913
0.15776109061331142,1.0050352264846882e-05,2,198998,636,513.9991,12.8499775
0.1577856668320937,0.0,1,199028,637,516.0015,12.900038
0.15783561205090924,5.0229801341135695e-06,4,199085,638,518.0041,12.950102
0.15788476448847374,0.0,2,199141,639,520.00653,13.000163
0.15798465492610486,0.0,2,199244,640,522.0091,13.050227
0.15812101330128384,1.0030492697801315e-05,4,199392,641,524.01154,13.100288
0.15817571520760562,0.0,3,199457,642,526.014,13.15035
0.15825261498895657,1.0019086359514876e-05,1,199619,643,528.01654,13.200414
0.15833189311406062,0.0,1,199717,644,530.019,13.250475
0.15831365914528667,6.008832984487196e-05,1,199706,645,532.02155,13.300539
0.1583532982078387,0.0001251451683953386,2,199768,646,534.024,13.350599
0.158437333020449,0.00015509460771070353,2,199878,647,536.02655,13.400663
0.15844843195796357,0.00017508841965192421,1,199899,648,538.029,13.450725
0.15852771008306762,0.00028996810350861405,1,200022,649,540.03156,13.500789
0.15859826761441023,0.0005046114491841282,1,200154,650,542.034,13.55085
0.1586410778019664,0.0006292700467457749,2,200232,651,544.03656,13.600914
0.15871797758331735,0.0006838340629227168,1,200341,652,546.039,13.650975
0.1587718867083881,0.0007435018437847736,2,200403,653,548.04156,13.701039
0.15879249902091516,0.000763282614118234,2,200450,654,550.044,13.751101
0.15878694955215786,0.0007383792575297222,1,200439,655,552.0466,13.801165
0.15877664339589434,0.0007035401541800764,2,200415,656,554.049,13.851225
0.15879804848967244,2.9953721500282065e-05,2,200309,657,556.0516,13.901289
0.15888763277104,0.0,2,200384,658,558.054,13.95135
0.15893361408360038,0.0,4,200391,659,560.0566,14.001414
0.15907790027128973,1.4960951915500544e-05,3,200522,660,562.059,14.051476
0.15926261830278218,0.0,5,200705,661,564.0616,14.10154
0.15944575077177256,1.9907925842976233e-05,3,200925,662,566.064,14.151601
0.1594956959905881,4.976238461347068e-06,2,200955,663,568.0666,14.201665
0.15955356902191406,1.9899012511504118e-05,2,201015,664,570.06903,14.251726
0.15957021742818592,0.0,2,201017,665,572.0716,14.30179
0.1595797308031984,2.487302321647987e-05,2,201021,666,574.07404,14.3518505
0.15966535117831077,9.944954675869064e-06,2,201107,667,576.0765,14.401912
0.15968992739709303,2.4861521326212994e-05,2,201114,668,578.07904,14.451976
0.15978109724096268,2.9770026544940336e-05,3,201545,669,580.0815,14.502037
0.1598675103973261,2.975304968759298e-05,1,201660,670,582.08405,14.552101
0.15988970827235524,4.958202354154478e-05,3,201686,671,584.0865,14.602162
0.15982311464726784,3.4721705530175645e-05,2,201603,672,586.08905,14.652226
0.1597755477722054,1.4885382554331646e-05,2,201540,673,588.0915,14.702288
0.15983262802228032,9.920487294335898e-06,2,201603,674,590.09406,14.752352
0.15983342080353136,4.9602928556902e-06,3,201601,675,592.0965,14.802412
0.15982707855352304,2.9760723780802348e-05,2,201608,676,594.09906,14.852476
0.1597620704909377,4.962261997508945e-06,2,201521,677,596.1015,14.902537
0.15967486455332325,0.0003623170423017555,3,201481,678,598.10406,14.952601
0.15962650489700977,0.0004219723484002284,1,201435,679,600.1065,15.002663
0.15952423611562555,0.00042224485233849135,2,201305,680,602.1091,15.052727
0.15942830958424967,0.0005119513298308573,4,201191,681,604.1115,15.102788
0.1593474458966435,0.0005320683036469056,2,201102,682,606.1141,15.152852
0.15926975333404156,0.000616841770136899,1,201024,683,608.1165,15.202913
0.15914687224013027,0.0007018906245333174,1,200886,684,610.1191,15.252977
0.15893837077110662,0.0005782709698002971,1,200598,685,612.1215,15.303038
0.158769508364635,0.0003494094979484671,2,200338,686,614.1241,15.353102
0.15860619542692064,0.0002748447127373034,2,200113,687,616.1265,15.403163
0.15838897336413552,0.00021017865185407597,2,199830,688,618.1291,15.453227
0.1582082192388983,0.00018036343231611697,1,199597,689,620.13153,15.503288
0.1580171589573975,0.0002858905490603229,1,199377,690,622.1341,15.553352
0.1578562243634363,0.00038153951193064015,1,199193,691,624.13654,15.603414
0.15760094880060124,0.00048267644086459415,1,198891,692,626.139,15.653475
0.1574217802378661,0.0005184424579205928,1,198672,693,628.14154,15.703539
0.15721407155009348,0.0005443136859612428,1,198415,694,630.144,15.753599
0.15695721042475633,0.000555294735301096,1,198093,695,632.14655,15.803663
0.1567296822057077,0.0005308687540763136,3,197789,696,634.149,15.8537245
0.1565417930492111,0.0005314760354924758,2,197563,697,636.15155,15.903789
0.15636579561148012,0.0003750500489085537,3,197307,698,638.154,15.95385
0.1562405361738157,0.0002232142857142857,2,197120,699,640.15656,16.003914
0.15612637567366586,9.647265507979304e-05,3,196947,700,642.159,16.053974
0.15604947589231494,0.0,1,196838,701,644.16156,16.104038
0.15598684617348274,5.082333807684489e-06,1,196760,702,646.164,16.1541
0.15584810945455063,1.0173664452199037e-05,1,196586,703,648.16656,16.204165
0.15570699439186542,3.054803168849154e-05,1,196412,704,650.169,16.254225
0.15557697826669478,2.0382581046237884e-05,1,196246,705,652.1716,16.304289
0.15542872817275022,3.5703720327658144e-05,2,196058,706,654.174,16.354351
0.15526382967253377,3.574090904449232e-05,1,195854,707,656.1766,16.404415
0.15517107426616203,1.5327393116978664e-05,3,195728,708,658.179,16.454475
0.15508069720354342,5.112030140529708e-06,1,195617,709,660.1816,16.50454
0.15497129339089982,5.115769872208069e-06,2,195474,710,662.184,16.5546
0.15489518639079994,1.5355322154658806e-05,2,195372,711,664.1866,16.604664
0.15476596304688034,5.1262597783405275e-06,4,195074,712,666.189,16.654726
0.1546930271717846,1.0255936905476157e-05,3,195009,713,668.1916,16.70479
0.15468351379677212,0.0,3,195018,714,670.19403,16.75485
0.15479053926566258,0.0,2,195189,715,672.1966,16.804914
0.15501172523470289,1.022996971928963e-05,2,195504,716,674.19904,16.854977
0.1552075422037099,1.021570460268571e-05,2,195777,717,676.2015,16.905037
0.15536451289141592,1.020611244074076e-05,2,195961,718,678.20404,16.955101
0.1554929434540845,2.039879647100821e-05,3,196090,719,680.2065,17.005161
0.15565070692304156,1.5287013681877247e-05,2,196245,720,682.20905,17.055225
0.15577517357945492,5.08923982024805e-06,1,196493,721,684.2115,17.105288
0.1559432432046755,2.0334916067633932e-05,2,196706,722,686.21405,17.155352
0.15612241176741068,1.0156408693885841e-05,2,196920,723,688.2165,17.205412
0.1563150576114135,5.071714036475767e-06,3,197172,724,690.21906,17.255476
0.15647282108037058,5.066549122727019e-06,1,197373,725,692.2215,17.305538
0.1567003492994192,0.0,2,197658,726,694.22406,17.355602
0.156911229112196,5.052393318715075e-06,1,197926,727,696.2265,17.405663
0.15710387495619885,0.0,1,198168,728,698.22906,17.455727
0.1572537106126455,4.03296952587402e-05,1,198365,729,700.2315,17.505787
0.15735994330028494,0.0,3,198489,730,702.2341,17.555851
0.15739165455032655,0.0,1,198531,731,704.2365,17.605913
0.15733298873774954,5.038849529875339e-06,1,198458,732,706.2391,17.655977
0.15727987239392982,5.040551234683025e-06,1,198391,733,708.2415,17.706038
0.15720852208133618,0.0,2,198298,734,710.2441,17.756102
0.15715857686252063,1.5133248250848723e-05,2,198239,735,712.2465,17.806164
0.15712686561247902,0.00011098835126804192,1,198219,736,714.2491,17.856228
0.1570523441748812,0.00017159843946360347,1,198137,737,716.2515,17.906288
0.15702142570609062,0.0002574262423339979,1,198115,738,718.2541,17.956352
0.15697148048727508,0.00026280279177427263,4,197867,739,720.25653,18.006413
0.15689537348717517,0.0002527218139360917,3,197846,740,722.2591,18.056477
0.15691202189344702,0.00022232327825779394,2,197910,741,724.26154,18.106539
0.15691598579970223,0.00012630728035163948,2,197930,742,726.2641,18.156603
0.15688823845591582,0.00015159094698864584,3,197901,743,728.26654,18.206663
0.15684146436210442,5.055202814736927e-06,3,197816,744,730.269,18.256725
0.15683432933084507,0.0,2,197810,745,732.27155,18.30679
0.15680816754956073,5.055739528299502e-05,3,197795,746,734.274,18.35685
0.15683432933084507,0.0001263564363441545,1,197853,747,736.27655,18.406914
0.15689616626842623,2.526388123954707e-05,1,197911,748,738.279,18.456974
0.15689695904967726,2.5265030166446018e-05,3,197902,749,740.28156,18.507038
0.15693580533097826,7.071778552305906e-05,1,197970,750,742.284,18.5571
0.15695879598725843,0.000101007550314386,1,198005,751,744.28656,18.607164
0.15697940829978546,0.0001060434677223883,1,198032,752,746.289,18.657225
0.15698416498729173,0.00021711031223492345,3,198056,753,748.29156,18.707289
0.1569469042684928,0.00014142985584256835,3,197978,754,750.294,18.75735
0.1568232303933305,0.00013647736750322238,3,197835,755,752.2966,18.807415
0.15678279854952742,0.0001213475647060608,2,197779,756,754.299,18.857475
0.15673126776820978,6.57538680977406e-05,2,197707,757,756.3016,18.90754
0.15666546692437341,0.0,2,197614,758,758.304,18.9576
0.15666388136187134,7.084123972169513e-05,3,197625,759,760.3066,19.007664
0.15674791617448164,0.0,1,197719,760,762.309,19.057726
0.15680420364330552,1.516836889473152e-05,2,197780,761,764.3116,19.10779
0.15687159004964396,0.0008231699618715753,4,198015,762,766.314,19.15785
0.15694531870599074,0.0006360841448454467,3,198087,763,768.3166,19.207914
0.1570111195498271,0.0005197977330762942,1,198154,764,770.31903,19.257977
0.1570016061748146,0.00039371469817730284,2,198113,765,772.3216,19.30804
0.1569040940809366,0.0002374181033829554,1,197963,766,774.32404,19.3581
0.15677724908077015,0.0002628811777076761,1,197808,767,776.3266,19.408165
0.15654654973671733,0.0003189518129626067,2,197522,768,778.32904,19.458225
0.1563301204551833,0.00035502358370948926,4,197170,769,780.3315,19.508287
0.15607880879860345,0.00036567156598848137,2,196898,770,782.33405,19.558352
0.1558512805795548,0.00040681827427688054,3,196648,771,784.3365,19.608412
0.15562692348551033,0.00046335899629312805,2,196392,772,786.33905,19.658476
0.1554152508914825,0.0005149855702063002,2,196122,773,788.3415,19.708538
0.15527096470379315,0.00048482497818287597,3,195947,774,790.34406,19.758602
0.15515442585989017,0.0004086031390936161,1,195789,775,792.3465,19.808662
0.15512826407860586,0.00021459446755025087,1,195718,776,794.34906,19.858727
0.15511320123483607,2.0443522214442327e-05,1,195661,777,796.3515,19.908787
0.15511478679733814,2.0443313247778066e-05,1,195663,778,798.35406,19.95885
0.1551250929536017,3.0663559425978165e-05,2,195672,779,800.3565,20.008913
0.1551449124848777,4.5992753586157204e-05,2,195683,780,802.3591,20.058977
0.1551274712973548,4.0896241124237665e-05,3,195617,781,804.3615,20.109037
0.15512192182859752,1.022604676371185e-05,2,195579,782,806.3641,20.159101
0.15511478679733814,2.556916971792092e-05,2,195548,783,808.3665,20.209164
0.15511637235984024,3.5774883987161926e-05,1,195668,784,810.3691,20.259228
0.15505612098476115,0.00017380724776223168,1,195619,785,812.3715,20.309288
0.15492055539083324,0.0004245589446385367,1,195497,786,814.3741,20.359352
0.1547382157030939,1.5394641638400393e-05,2,194873,787,816.3765,20.409412
0.15459947898416182,1.0270894851713955e-05,2,194725,788,818.3791,20.459476
0.15449879576527967,1.5414495791842648e-05,2,194622,789,820.38153,20.509539
0.15439811254639751,0.0002980978274835918,2,194567,790,822.3841,20.559603
0.15436323017135173,0.00017478832619614336,4,194521,791,824.38654,20.609663
0.15436164460884966,2.056544696428296e-05,4,194501,792,826.3891,20.659727
0.15427364588998416,0.0,3,194460,793,828.39154,20.70979
0.15420705226489675,1.0287536649349313e-05,5,194410,794,830.394,20.75985
0.1542094306086499,2.0573274288036126e-05,9,194427,795,832.39655,20.809914
0.15431804164004242,7.705387092962927e-05,1,194669,796,834.399,20.859974
0.15442427432768185,3.593539842089592e-05,2,194794,797,836.40155,20.910038
0.1545812450153879,1.5386588024105653e-05,3,194975,798,838.404,20.9601
0.15474772907810638,1.5369246138476908e-05,2,195195,799,840.40656,21.010164
0.1549768428596571,1.023127804009638e-05,2,195479,800,842.409,21.060225
0.15517900207867244,0.0,4,195718,801,844.41156,21.110289
0.15532011714135766,5.104176236997111e-06,2,195918,802,846.414,21.16035
0.15544299823526894,1.5300189722352557e-05,1,196076,803,848.41656,21.210415
0.15555160926666148,0.0,2,196209,804,850.419,21.260475
0.15561186064174057,0.0,1,196286,805,852.4216,21.31054
0.15567845426682797,0.0,2,196342,806,854.424,21.3606
0.15581481264200694,2.03593423932407e-05,3,196470,807,856.4266,21.410664
0.1558449383295465,7.125515963700585e-05,2,196477,808,858.429,21.460726
0.15589329798585996,2.035747730141281e-05,2,196488,809,860.4316,21.51079
0.15591708142339117,0.0,1,196671,810,862.434,21.56085
0.15597019776721088,0.0,1,196738,811,864.4366,21.610914
0.15603758417354932,5.0806812177376745e-06,1,196824,812,866.439,21.660976
0.15612716845491692,3.554327901981792e-05,1,196943,813,868.4416,21.71104
0.15621358161128032,5.582254520357467e-05,4,197053,814,870.44403,21.7611
0.15626114848634276,6.595435958316844e-05,2,197106,815,872.4466,21.811165
0.1562833463613719,3.043537808348424e-05,1,197139,816,874.44904,21.861225
0.15623023001755218,1.0148781131386121e-05,1,197068,817,876.4516,21.91129
0.15618504148624288,0.0,1,197009,818,878.45404,21.961351
0.15622943723630114,1.0149605180358484e-05,3,197052,819,880.4566,22.011415
0.15622626611129697,0.0,3,197045,820,882.45905,22.061476
0.1561779064549835,0.0,2,196965,821,884.4615,22.111538
0.15615333023620123,3.5537324344082525e-05,1,196976,822,886.46405,22.161602
0.15605185423606807,5.080216620436695e-06,1,196842,823,888.4665,22.211662
0.15592263089214844,1.5253125619658228e-05,1,196681,824,890.46906,22.261726
0.1557553540481789,1.5269506794930524e-05,1,196470,825,892.4715,22.311787
0.1543664012963559,1.0271316834174726e-05,1,194717,826,894.47406,22.36185
0.15190005882436883,1.043814096709376e-05,2,191605,827,896.4765,22.411913
0.1477775963189581,0.0,1,186404,828,898.47906,22.461977
0.14310415084407418,0.0,1,180509,829,900.4815,22.512037
0.13848382171301002,0.0,1,174681,830,902.4841,22.562101
0.13396021189457277,0.0,2,168972,831,904.4865,22.612164
0.1294009269198387,1.2252949897687869e-05,1,163226,832,906.4891,22.662228
0.12470766191367881,1.2714073207633529e-05,1,157306,833,908.4915,22.712288
0.11996683003245646,6.610958324518722e-06,2,151264,834,910.4941,22.762352
0.11531003296384441,4.1264906947634835e-05,5,145402,835,912.4965,22.812412
0.1107555046766166,6.442099838231715e-05,2,139706,836,914.4991,22.862476
0.10636032542084793,0.0,1,134161,837,916.5015,22.912539
0.1019366060400418,0.0,1,128581,838,918.5041,22.962603
0.09727346672142143,1.62997856578186e-05,1,122701,839,920.50653,23.012663
0.09256751721524487,0.00011132424470781668,1,116776,840,922.5091,23.062727
0.08808037533435549,0.00020700579616229255,2,111108,841,924.51154,23.11279
0.08367330435982122,0.0003031594903131069,2,105555,842,926.5141,23.162853
0.07935819601040764,9.989810393398733e-06,1,100102,843,928.51654,23.212914
0.07502802481722429,0.0,1,94639,844,930.5191,23.262978
0.07048380268625999,0.0,1,88907,845,932.52155,23.313038
0.06595385061781443,0.0,1,83193,846,934.524,23.3631
0.061496834424464596,0.0,1,77571,847,936.52655,23.413164
0.05715160038751148,0.0,1,72090,848,938.529,23.463224
0.05286265381938223,0.0,3,66670,849,940.53156,23.513288
0.04846906012611564,9.812900693444982e-05,1,61144,850,942.534,23.56335
0.043811470276252554,5.428390482222021e-05,2,55265,851,944.53656,23.613415
0.039179249426422764,0.0,1,49420,852,946.539,23.663475
0.034712719858060445,0.0,1,43786,853,948.54156,23.71354
0.03031595503978969,0.0,1,38240,854,950.544,23.7636
0.0258890645339794,0.0,1,32656,855,952.5466,23.813663
0.021444732840646213,0.0,1,27050,856,954.549,23.863726
0.01691398799094961,4.6869141357330336e-05,1,21336,857,956.5516,23.91379
0.012441908953830006,0.0,1,15694,858,958.554,23.96385
0.008064963666835265,9.828975820719482e-05,1,10174,859,960.5566,24.013914
0.00393774447391829,0.0,5,4947,860,962.559,24.063976
0.001306503501714786,0.0,1,1648,861,964.5616,24.11404
2.457621878225629e-05,0.0,2,29,862,966.564,24.1641
0.0,,0,0,863,968.5666,24.214165
0.0,,0,0,864,970.56903,24.264225
0.0,,0,0,865,972.5716,24.31429
0.0,,0,0,866,974.57404,24.364351
0.0,,0,0,867,976.5766,24.414415
0.0,,0,0,868,978.57904,24.464476
0.0,,0,0,869,980.5816,24.51454
0.0,,0,0,870,982.58405,24.564602
0.0,,0,0,871,984.5865,24.614662
0.0,,0,0,872,986.58905,24.664726
0.0,,0,0,873,988.5915,24.714787
0.0,,0,0,874,990.59406,24.76485
0.0,,0,0,875,992.5965,24.814913
0.0,,0,0,876,994.59906,24.864977
0.0,,0,0,877,996.6015,24.915037
0.0,,0,0,878,998.60406,24.965101
0.0,,0,0,879,1000.6065,25.015163
0.0,,0,0,880,1002.6091,25.065228
0.0,,0,0,881,1004.6115,25.115288
